TitleLogo_Enter#0,"""Druk enter toets"""
TitleLogo_Start#0,"""Druk start toets"""
TitleLogo_PS4#0,"""Druk een toets"""
TitleLogo_CopyRight#0,"""(C)SEGA"""
Title_IdSelect#0,"""Selecteer login ID"""
Title_IdSelect_v#0,"""Selecteer login ID"""
Title_Login#0,"""Schip Selectie"""
Title_StartMenuSelect#0,"""Start Menu（Huidig schip：$(0)）"""
Title_StartMenuSelect_Vita#0,"""Start Menu"""
Title_CharacterSelect#0,"""Karakter Selectie（Huidig schip：$(0)）"""
Title_CharacterSelect_Vita#0,"""Karakter Selectie"""
Title_CharacterMake#0,"""Karakter Creatie"""
Title_BenchmarkMenu#0,"""Maatstaf"""
Title_ShipList#0,"""Schip Lijst"""
Title_CharacterList#0,"""Karakter Lijst"""
Title_StartMenu#0,"""Start Menu"""
Title_FirstPlay#0,"""Voor nieuwe spelers"""
Title_RecommandShip#0,"""Start het spel voor de eerste keer"""
Title_IdSelect#1,"""<c f0df60>Log in Sega ID en start het spel. Om het e-mail adress to veranderen, etc, selecteer verander gebruiker informatie.<c>"""
Title_IdSelect_v#1,"""<c f0df60>ゲームの開始には[オンラインログイン]から“PlayStation Network”にサインインする必要があります。<c>"""
Title_Login#1,"""<c f0df60>Gelieve een schip te selecteren. Je SEGA ID is hetzelfde op PC, PlayStation®Vita, en PlayStation®4 versies van het spel.<c>"""
Title_Login_Hangame#0,"""<c f0df60>Gelieve schip naam te selecteren<c>"""
Title_ID#0,"""<c f0df60>PC版、PlayStation®Vita版、PlayStation®4版で同じSEGA IDを使用できます。<c>"""
Title_StartMenuSelect#1,"""<c f0df60>Selecteer een optie<c>"""
Title_CharacterSelect#1,"""<c f0df60>Selecteer een karakter<c>"""
Title_CharacterMake#1,"""<c f0df60>Selecteer een optie<c>"""
Title_BenchmarkMenu#1,"""<c f0df60>Selecteer een optie<c>"""
Connecting#0,"""<c f0df60>Geduld Alstublieft<c>"""
IpEdit#0,"""接続先のIPアドレスを入力してください"""
Disconnect#0,"""Server verbinding time out"""
PSN_Connect_Error#0,"""“PlayStation Network”に接続することが<br>できませんでした。<br>時間をおいて、再度お試しください。<br>状況が改善されない場合は、<br>ファンタシースターオンライン2プレイヤーズサイト、<br>または、プレイステーション® オフィシャルサイトの<br>障害・メンテナンス情報をご確認ください。"""
UseAgreement_Title#0,"""Phantasy Star Online 2 - Gebruiksvoorwaarden"""
UseAgreement_Message#0,"""『ファンタシースターオンライン2』利用規約<br>東京都大田区羽田1丁目2番12号<br>株式会社セガゲームス<br>2012年5月23日<br><br>『ファンタシースターオンライン2』（以下『PSO2』といいます）のソフトウェア、ネットワークを利用したサービスおよびこれに付随するサービス（以下「本サービス」と総称します）をご利用いただくにあたり、株式会社セガゲームス（以下「弊社」といいます）が本規約に定める以下の事項を予めご承諾ください。<br>お客様による本規約への同意・承諾は、弊社がお客様に本サービスのご利用を許諾する前提条件であり、万一、お客様が本規約の一部にでも違反した場合、以降の本サービスご利用を予告なくお断りさせていただく場合があります。この場合でも、お客様が既に支出した費用の返還はいたしません。<br>お客様が未成年者（20歳未満）等の制限行為能力者である場合には、必ず法定代理人（保護者・親権者等）の方の同意を得てから、本規約への同意・承諾を行ってください。<br><br>第1条（本規約）<br>1.本サービスに関し、弊社が運営するインターネット上の公式ホームページ（URL: http://pso2.jp/ 以下「本サイト」といいます）をはじめ、関連するウェブサイトを通じて提示する諸規定および利用上の決まりごとも本規約の一部を構成します。<br>2.前項の諸規定および利用上の決まりごとが、同一の事項につき本規約と異なる定めをしている場合には、当該諸規定および利用上の決まりごとが優先します。<br>3.弊社は必要に応じて本規約を変更することができ、当該変更については、弊社が本サイトに掲載した時点から起算して24時間後またはお客様の登録Eメールアドレス宛に通知したときに効力を生じ、且つ、その後に初めて本サービスをご利用いただいた時点で、お客様は、当該変更をご承諾いただいたものとします。<br>4.前項の変更内容にご承諾いただけない場合は、直ちに本サービスのご利用をお止めください。この場合でも、本サービスの取得対価、利用料金等、名目のいかんを問わず、お客様が既に支出された費用等の返還はいたしません。<br>5.お客様は、本規約の内容が本条第3項の規定のとおり変更される可能性のあることを認識し、定期的に本サイトの掲示内容をご確認いただくものとします。<br><br>第2条（ゲームサーバーの利用）<br>1.本サービスをご利用いただくには、インターネットを経由して、弊社が指定するゲームサーバー（以下「本ゲームサーバー」といいます）に接続していただく必要があります。<br>2.本ゲームサーバーの接続・利用にあたり、お客様には、弊社が別途指定する方法によりSEGA ID、もしくは弊社が別途指定する第三者の提供するサービスのID（以下、総称して「本件ID」といいます）を取得していただきます。本サービスにおいては、お客様は本件IDごとに管理されます。<br>3.本ゲームサーバーへの接続・利用には、本件IDおよびパスワード入力による認証が必要となります。<br>4.通信機器の準備、通信環境の設定、プロバイダとの契約、プロバイダ利用料、電話代金、通信料等、その他名目を問わず、本ゲームサーバーへの接続に必要となる機器の設置、設定、通信環境の構築、費用の支出については、お客様の責任と負担において行っていただくものとします。<br>5.弊社は、本規約に明示する場合の他、本ゲームサーバーの不使用または接続不能等、本サービスの不使用、または使用不能を理由として、既にお客様が負担した費用の返還には応じません。<br>6.本ゲームサーバーに接続した際、本ゲームサーバー側より自動的にお客様のクライアントを適正化・最新化するアップデートプログラムまたはデータをダウンロードする必要がある場合があります。アップデートプログラムまたはデータのダウンロードは、お客様自らの責任でするものとします。また、当該ダウンロードについても、前各項の本ゲームサーバーの接続・利用に含まれるものとします。<br>7.弊社は、お客様が禁止行為の潜脱等の不正な目的のため、不正な接続方法により本ゲームサーバーに接続する行為を禁止します。<br>8.本ゲームサーバーへの接続は、日本国内に存在する端末にインストールされたソフトウェアからの接続に限るものとします。日本国外から直接接続をすること、および日本国外から日本国内に所在する端末等を経由して接続することを禁止します。<br><br>第3条（基本利用料金）<br>お客様が、本サービスをご利用いただくにあたり必要となる本ゲームサーバーへの接続の基本利用料金は、原則として無償とします。但し、次条以下に定める通り、本サービス内において個別に有償となる旨定められているサービスにつき、お客様が利用することを求める場合は、この限りではありません。<br><br>第4条（個別有償サービスの提供）<br>1.弊社は、本サービスに付随して、本サービス内において別途有償にてサービスを提供する場合（以下「個別有償サービス」といいます）があります。お客様が個別有償サービスを利用するためには、別途弊社が指定する方法により、有料ポイント（以下「本件ポイント」といいます）を購入する必要があります。なお、本件ポイントの購入方法、購入手続、購入条件等については、別途本サイトにおいて定めるものとします。<br>2.本件ポイントの購入にあたっては、お客様が任意で選択した決済方法に関し、各決済手段提供事業者が定める規約に従い、お支払いいただく必要があります。<br>3.お客様と決済手段提供事業者との間で本件ポイントの購入に関し紛争が生じた場合は、お客様の責任においてこれを解決していただくものとし、弊社は一切責任を負わないものとします。<br><br>第5条（個別有償サービスおよび本件ポイントの利用、制限）<br>1.弊社は、お客様の本件ポイントの購入および保有について上限を設定する場合があり、お客様は当該上限を超えて本件ポイントを購入および保有することはできません。<br>2.個別有償サービスの利用にあたっては、本サービス内において明示される本件ポイントを使用する必要があり、当該個別有償サービスの利用について承諾をした時点で、本件ポイントを消費するものとします。<br>3.本件ポイントの有効期限は、お客様が最後に本件ポイントを購入した日時から起算して1年間とします。本件ポイントは、有効期限の経過により自動的に消去されるものとします。<br>4.お客様は、購入された本件ポイントを、第三者に譲渡、貸与、質入、担保提供をすることができません。また、弊社は、それらの行為の実施、申し出、勧誘を禁止します。<br>5.お客様が、第18条の定めに基づき永久的な利用停止措置がとられた場合、当該利用停止措置とともに本件ポイントは失効するものとします。<br>6.お客様は、お客様が購入された個別有償サービスおよび本件ポイントについて、前項の定めを含むいかなる理由によっても返金、換金、払戻し、返還を受けることはできません。但し、法令において明示的に返金義務を定める場合を除くものとします。<br><br>第6条（個別有償サービスの終了）<br>弊社は、60日前の予告期間をもってお客様に通知または告知を行った上で、個別有償サービスおよびそれに付随する本件ポイントの利用を中止し、または終了することができるものとします。また、本サービスを終了する場合は、個別有償サービスも当然に終了するものとします。<br><br>第7条（情報登録）<br>1.本件IDの取得、その他必要な手続きにあたり弊社が求めた場合、お客様は、弊社が別途指定する情報（Eメールアドレスなど個人情報を含みます）を、弊社が別途指定する方法により提供・登録いただくものとします。<br>2.お客様が提供・登録される情報について、ご利用されるお客様自身で、正確且つ正式な情報の登録を行っていただくものとします。<br>3.お客様が提供・登録した情報につき変更が生じた場合、別途弊社が指定する方法により速やかにこれをお届けいただくものとします。<br>4.弊社は、お客様から提供された情報について、次項に掲げる利用目的の達成のために必要な範囲で、弊社が指定する第三者に個人情報の適切な管理を義務付けた上で委託することができるものとします。<br>5.弊社は、お客様から提供された情報について、以下各号に定める範囲内または情報の提供・登録にあたり予め明示する利用目的の範囲内においてのみ、これを利用させていただきます。<br>一．本サービスおよびこれに付随するサービスの提供、これらに関連する情報告知(弊社または第三者の広告、メールマガジン等を含みます）、プレゼント発送および、障害・アンケート等に対する対応・対処のための業務。<br>二．弊社の権利を確保する為に行われる調査・対応業務。<br>三．個人を特定できない情報に変換したうえ、本サービスおよび本サービス以外の弊社サービス・商品に関するマーケティング（情報分析、検証等を目的として、弊社が第三者に対し委託することを含みます）。<br>四．問い合わせ、不具合対応のユーザーサポート。<br>6.弊社は、本規約に明示される場合および以下各号の場合を除き、お客様の事前の承諾なく、お客様から提供された情報を第三者に開示・提供いたしません。<br>一．法令の定めにより開示を義務付けられる場合。<br>二．法的権限を有する者からの開示要求があった場合。<br>三．急迫または不正な侵害から、弊社または第三者の権利を守り、または権利を回復するために止むを得ず開示する場合。<br>四．業務上、委託業者に開示が必要と判断される場合。<br>五．事業の承継その他の方法による、本サービスに関する営業の第三者への譲渡にともなって、当該譲渡先に対して提供される場合。<br>7.お客様が、弊社が別途指定する方法により自己の情報の修正・削除を求められ、弊社がお客様個人の各法令にて保護される権利・財産等が侵害される恐れがあると判断した場合、お客様から提供された情報を削除・修正を行うことができるものとします。<br>8.前各項に定めるほか、お客様から提供された情報については、弊社プライバシーポリシー（http://sega.jp/privacypolicy/）に従い取り扱うものとします。<br>9.本条の規定に関わらず、本件IDについて、弊社が別途指定する第三者の提供するサービスの本件IDを利用する場合、当該の本件IDの管理、登録情報のうち個人を認証するために必要な情報の取扱いについては、当該第三者が定める規約等の規定によるものとします。<br><br>第8条（本件ID、パスワード）<br>1.お客様の本件IDおよびパスワードは、大切に保管し、第三者への開示または使用はさせないでください。また、その使用および管理についてもお客様に一切の責任を負っていただきます。<br>2.弊社は、前項の本件IDおよびパスワードが第三者に使用されたことによってお客様が被る損害については、弊社に故意または重大な過失がある場合を除き、一切責任を負いません。<br>3.お客様が管理される本件IDおよびパスワードによりなされた本サービスのご利用およびその結果については、当該お客様自身の責任とさせていただきます。<br>4.同一のお客様が、複数の本件IDを使用して、本ゲームサーバーに接続している場合、弊社は当該のお客様が使用すると判断される他のすべての本件IDについて、サービスを提供しないことができるものとします。<br><br>第9条（チート行為・不正行為の禁止）<br>1.本サービスをご利用いただくにあたり、以下の各号に定める行為（以下「チート行為」といいます）を行わないでください。<br>一．本サービスのキャラクター・アイテムその他のデータを改ざん、または不正に作成すること。<br>二．本サービスの利用方法として予め想定または許容される行為以外の行為を行うこと。<br>三．自動操作ツール（マクロ）の利用および弊社が認めないプログラム・マクロその他のツールを使用し本サービスを利用すること。<br>四．その他本サービスの解析、改ざん、改変、リバースエンジニアリングを行うこと。<br>五．その他本サービスの利用にあたり、本来の動作を変更し、ストーリーを変更する等、オンラインゲームの内容・進行・構成内容等を、意図的に変更すること。<br>2.本サービスを利用中であると否とを問わず、チート行為を可能とするプログラムまたはデータを他のお客様または第三者に使用、頒布（送信可能化することを含みます）、勧奨をしないでください。<br>3.他者の設備または本サービス用設備（弊社が本サービスを提供するために用意する通信設備、通信回線、電子計算機、その他の機器およびソフトウェアをいい、以下同様とします。）に不正にアクセスし、またはその利用もしくは運営に支障を与える行為をしないでください。<br>4.本サービスのいかなる不具合も、ゲーム内で不公正に優位に立つ目的で、これを使用しないでください。<br>5.本ゲームサーバーへのまたは本ゲームサーバーからの、いかなるデータおよびメッセージについても、これを意図的に変更し、またはリバースエンジニアリングしもしくは解読、翻訳、他目的へ利用しようとしないでください。<br>6.本サービスにおいてバグその他の不具合を発見した場合には、これを他のお客様に通知、公表等せず、別途弊社が指定する連絡先にご連絡ください。<br><br>第10条（一般的禁止事項）<br>本サービスをご利用いただくにあたり、以下の行為を行わないでください。<br>一．法令（法律・条約・政令・条例その他名目のいかんを問わず、公にお客様を拘束する規範を含みます）に違反する行為、およびこれに違反するおそれのある行為。または、違法な行為を勧誘または助長する行為。<br>二．他のお客様または第三者の権利（名誉権、プライバシー権、著作権等を含みますが、これらに限られません）を侵害する行為。<br>三．わいせつな表現、差別的表現、暴力・脅迫的表現、グロテスクな表現、およびその他不適切な表現行為等、公序良俗に反する行為。<br>四．営業行為（勧誘行為を含みますが、これらに限られません、また、個人、非個人の区別を問いません）、募金活動、選挙の事前運動その他政治活動、布教活動その他宗教活動。<br>五．性交およびわいせつな行為を目的とした出会い等を誘導する行為。<br>六．ねずみ講の勧誘、チェーンメールの送付、その他、お客様に同種の行為に参加することを勧誘する行為。<br>七．他のお客様に対する中傷、脅迫、その他、不安・不快にさせる言動、行動、行為。<br>八．弊社および弊社関連会社、委託先の従業員またはカスタマーサポート要員その他関係者になりすます行為。<br>九．コンピューターウイルスの送信・過度の容量のデータの送信、その他本ゲームサーバーに負担をかける行為、および他のお客様の利用を妨害する行為。<br>一〇．弊社に対して虚偽または誤解を生じさせる申告や届出を行う行為。<br>一一．その他、本サービスの運営を妨げ、またはそのおそれのある行為。<br>一二．弊社が提供するサービス・製品、または弊社が実施する本サービスの内容・運営に関しこれを誹謗中傷する行為。<br>一三．本サービスを構成するすべてのデータを弊社の許可なく取引の対象とする行為。（販売、転売、および購入する行為を含みます。）<br>一四．本サービスの利用を通じてゲーム内で取得したアイテム等を、ゲーム外での有償取引の対象とする行為。これには現実世界での流通通貨を用いて販売、および購入する行為や、インターネットオークション等の対象とする行為を含みます。<br>一五．本サービスにかかる著作権その他の権利を侵害する行為。<br>一六．『PSO2』のソフトウェアを本ゲームサーバー以外への接続のために利用する行為。<br>一七．チート行為の利用を勧誘、推奨する行為。<br>一八．本ゲーム内において、嫌がらせを目的としてメール受信者の意に反してメールを複数送信する行為。<br>一九．その他、本規約に違反する行為。<br>二〇．上記各号のいずれかに該当する行為（当該行為を他者が行っている場合を含みます。）がみられる文章やデータ等の掲示先を他のお客様に教える行為（当該掲示先へのリンクを貼る行為を含みます）。<br>二一．上記各号の他、本サービスの趣旨に鑑みて弊社が不適切と判断する行為。<br>二二．上記各号にかかわるすべての行為を勧誘または助長する行為、または準備行為。<br><br>第11条（コミュニティ機能等）<br>1.本サービスにおいて、または本サービスに関連して提供され得るメッセージサービス、掲示板サービス・コミュニティ機能サービスおよびこれらに類するサービス（以下「コミュニティ機能等」といいます）については、お客様同士のコミュニケーションの便宜をはかるために、無償且つ現状にて提供されるものであり、特定人間の通信を保証するものではありません。また、お客様から発信（アップロード）された情報は、弊社または弊社がその情報管理を委託する第三者のサーバー上に履歴情報（ログ）として記録される場合があることを予めご了承ください。<br>2.お客様がコミュニティ機能等を利用してアップロードされた情報については、弊社に、当該情報を複製・頒布する無償且つ非独占的な権利を許諾していただくものとします。また、これに際してお客様から商品やマーケティングに関する企画やアイディア等のご提案をいただいた場合でも、弊社およびそのグループ会社は、そのご提案を評価、検討、採用し、または秘密にする等の義務を負うことなく、無償で利用することができるものとさせていただきます。従って、すべてのご提案は、これに同意の上で行われたものとして取扱わせていただきますので、予めご了承ください。<br>3.お客様からアップロードされた情報が、第10条各号に該当すると弊社が判断した場合には、弊社は当該情報をお客様に予告なく削除する場合があります。但し、かかる場合における弊社による削除は、当該情報のアップロードに関しお客様が負うべき責任を軽減または免責するものではありません。<br><br>第12条（著作権をはじめとする知的財産権）<br>1.本サービスおよび本ゲームサーバー等を構成するすべてのプログラム、ソフトウェア、商標、商号 またはこれらに付随する技術全般に関する知的財産権およびその他の権利は、特段の表示なき限り、弊社または正当な権限を有する第三者に帰属します。<br>2.お客様は、本サービスをご利用いただくことにより得られる一切の情報を、弊社または権利者たる第三者の事前且つ明示の許諾なく複製、出版、放送、公衆送信、その他方法を問わず、私的使用の範囲を越えて使用することはできません。<br><br>第13条（免責・不保証）<br>1.本サービスおよび個別有償サービス（以下「本サービス等」と総称します）は、オンラインゲームとそれに付随するインターネットサービスを提供している特質上、個々の通信環境、使用機器環境に依存する度合いが高く、いかなる環境下でも利用可能なものではありません。従って、弊社は本サービス等がお客様の下におけるいかなる環境下でも利用可能であることにつき保証いたしません。<br>2.お客様は本サービス等の利用にあたり、お客様ご自身の判断により過度の利用を避けるものとします。過度の本サービス等の利用による肉体的、精神的、金銭的損害に関して弊社は一切の責任を負いません。<br>3.本サービス等は、各々のサービス提供時における現状にて提供されるものであり、正確性・完全性・有用性・信頼性等に瑕疵を含み得るものとして提供されます。従って、弊社は、お客様のご利用に関し、常に良好な環境で接続されること、お客様が発信した情報がサービス上に常に掲示されること等、本サービス等の内容並びに弊社より提供される情報について、その正確性・完全性・有用性・信頼性等に関していかなる保証もいたしません。<br>4.弊社は、お客様が本サービス等用設備に蓄積したデータ等が消失（ご本人による削除も含みます）した場合、または他人により改ざんされた場合、弊社はそれを復旧する責任は負わないものとします。<br>5.弊社は、本サービス等に関連するプログラムのインストール作業にともなう不具合等、本サービス等を利用するにあたって発生し得るすべての問題について、当該お客様および第三者に対し、一切の責任を負わないものとします。また、弊社が本サービス等をその時点でお客様に対し合理的に提供可能な場合、お客様は弊社が本サービス等について一切の補償をしないことについて予め了承するものとします。<br><br>第14条（自己責任の原則）<br>1.コミュニティ機能等の利用に際し、お客様が他のお客様に開示される情報については、不特定多数の第三者に開示される可能性のある性質のものであることをご認識ください。弊社は、お客様が自己の個人情報その他の情報を他のお客様に開示した場合の結果につき、一切責任を負いません。<br>2.コミュニティ機能等の利用にともない、お客様に対し、他のお客様または第三者からクレーム等が通知される等の紛争が発生した場合には、自己の責任と費用をもってこれを解決してください。<br>3.前二項の規定は、弊社がお客様に対するサービスとして解決に向けたサポートを提供することを妨げるものではありません。<br><br>第15条（セーブデータ）<br>1.お客様の本サービスにおけるゲームプレイ履歴（本サービスに関する一切の履歴をいい、以下「セーブデータ」といいます）は、最後に本ゲームサーバーに接続した日から1年間経過後に、弊社の本ゲームサーバーより削除される場合があります。なお、第18条に基づきお客様がサービスの利用を停止され、または本サービスの利用を解除された場合には、当該期間の経過の前後を問わず削除されます。<br>2.弊社は、お客様のセーブデータが瑕疵なく保存されること、読み出されることについては、前項の期間経過の前後を問わず、一切保証いたしません。<br>3.弊社は、本サービスの円滑な運営にとって必要止むを得ないと判断した場合、多数のお客様の利益となると判断した場合、その他必要であると弊社において判断した場合、お客様の事前の承諾を得ることなくセーブデータに変更を加える場合があります。<br><br>第16条（サービスの提供内容の変更）<br>弊社は、お客様への事前の通知なしに、本サービス等の内容を変更することができるものとします。但し、お客様に重大且つ不利益な影響を及ぼす変更については、当該変更の60日前までに、本サイト上での掲示による通知を行うものとします。<br><br>第17条（サービスの中断）<br>1.弊社は、次の各号に掲げる事由のいずれかが起こった場合には、お客様に事前に通知することなく、一時的に本サービス等の提供を中断することがあります。<br>一．サーバーのシステムにて弊社が予期せぬ不具合等の発生により、本サービス等の提供が停止した場合。<br>ニ．サーバーのシステムに関し定期的または緊急の保守を行う場合のほか、弊社が、運用上または技術上の理由から、サーバー運用の一時的な中断が必要と判断した場合。<br>2.前項各号に掲げる事由による場合は本サービス等の遅延または中断等が発生した場合でも、これに基づいてお客様が被った損害について弊社は一切責任を負わないものとします。<br><br>第18条（利用停止等）<br>1.弊社は、お客様が次の各号のいずれかに該当すると判断した場合、お客様に対し本サービス等の利用を許諾しない場合があります。<br>一．お客様から提供・登録された情報が虚偽であるとき。<br>ニ．お客様に本規約違反の事実があること、または過去に本規約違反のあったことが判明したとき。<br>三．前各号に掲げる場合の他、本サービス等の利用者として著しく不適当であると、弊社が合理的に判断できる事情があるとき。<br>2.弊社は、お客様が次のいずれかに該当すると判断した場合、直ちにお客様の本サービス等への参加を、部分的または全体的に、また、一時的または永久的に停止し、もしくはお客様に対する本サービス等の利用許諾を事前の予告無く解除することができるものとします。なおこの場合、本サービス等の利用に関してお客様が負担した費用は返還されません。<br>一．本規約に違反し、または違反する恐れがあるとき。<br>ニ．お客様に対する破産または民事再生手続き開始を申し立てられたとき、またはお客様自ら申し立てたとき。<br>三．決済手段提供事業者より、決済の無効または取消しの扱いとなったとき。<br>四．お客様の不注意により、第三者による本件IDの不正利用が行われた場合、またはその恐れがあると弊社が判断したとき。<br>五．前項各号に定める事項に該当するとき。<br>六．最後に本ゲームサーバーにログインした日から1年間経過したとき。<br>七．その他、本サービス等の運営に支障をきたすと弊社が判断したとき。<br>3.同一のお客様が、複数の本件IDを使用して、本ゲームサーバーに接続することが可能な状態であり、且つ、弊社が前項各号に基づき本件IDについて利用を停止、または利用許諾を解除した場合、弊社は当該のお客様が使用すると判断される他のすべての本件IDについて利用を停止し、または本規約に基づく利用許諾を解除することができます。<br>4.本規約に基づき、弊社がお客様の本サービス利用を停止し、または本規約に基づく利用許諾を解除した場合であって、お客様が本サービスに依拠したサービス（以下「関連サービス」といいます）を利用している場合、弊社は、関連サービスについても利用を停止し、または関連サービスの利用許諾を解除することができるものとします。<br><br>第19条（損害賠償責任）<br>1.本サービス等の利用に関しお客様に損害が発生した場合、弊社の責任の範囲は、お客様に生じた現実且つ直接の損害の範囲に限り、弊社の予見の有無にかかわらず、特別の事情から生じた損害、逸失利益、間接損害、その他の損害について弊社は一切の責任を負わないものとします。但し弊社の故意または重大な過失による場合にはこの限りではありません。<br>2.お客様が、本サービス等の利用に際し、弊社の権利または利益を侵害した場合には、弊社は当該お客様に対し損害賠償請求する場合があります。<br><br>第20条（譲渡禁止）<br>お客様は、本サービス等のご利用に関連する権利、地位または利益を第三者に譲渡または承継、担保としての提供することを行ってはならないものとします。<br><br>第21条（サポート）<br>1.本サービス等に関して、弊社がお客様に対し行う通知・連絡およびサポート提供は、日本語によってのみ行われるものとします。<br>2.お客様が弊社に対し、本サービスに関して連絡・問合せをされる場合は、本サイト上の投稿フォームより行っていただきます。電話・訪問による連絡・問合せには対応いたしかねます。<br>3.弊社は、お客様からの連絡・問合せに対して、各投稿フォーム内に記載されている方法に従い対応をさせていただくものとします。また、内容によっては個別の回答をいたしかねる場合があります。<br><br>第22条（サービス提供の終了）<br>1.弊社は、60日の予告期間をもってお客様に通知または告知の上、本サービス等の提供を終了するものとします。<br>2.前項の通知または告知は、弊社がお客様の登録Eメールアドレス宛に通知を発信したとき、または本サイト上に告知したときから起算して24時間のいずれか早い時点に効力を生ずるものとします。<br>3.前二項の定めに関わらず、弊社の責めによらない事由により本サービス等の提供が困難となった場合は、本サービスの終了後速やかに本サイト上において本サービス等の提供終了の理由を明らかにする事により、提供を終了することができるものとします。<br>4.弊社は、本サービス等提供の終了の際、本条の手続きを経ることにより、本サービス等の終了にともなうお客様からのいかなる請求からも免責されるものとします。<br><br>第23条（準拠法・裁判管轄）<br>1.本規約は、その成立、効力、解釈および履行を含め、すべて日本語で解釈され、また、日本国法令に規律されるものとし、本規約に定めのない事項は、著作権法、民法、商法その他の適用法令の定めに従うものとします。<br>2.本規約の一部が、消費者保護法令の強行規定部分および他の強行規定により効力を有しないとされる場合でも、その他の部分はこれに反しない最大限の範囲で効力を有するものとします。<br>3.本規約および本サービス等に関連するお客様と弊社との紛争については、日本国東京地方裁判所または東京簡易裁判所を第一審の専属的合意管轄裁判所とします。<br><br><br>2012年5月23日\u3000制定<br>2012年8月8日\u3000改定<br>2014年3月5日\u3000改定<br>2016年4月20日\u3000改定<br><br>"""
UseAgreement_Message_v#0,"""PlayStation®Vita版『ファンタシースターオンライン2』利用規約<br><br>東京都大田区羽田1丁目2番12号<br>株式会社セガゲームス<br>2012年12月4日<br><br>PlayStation®Vita版『ファンタシースターオンライン2』（以下『PSO2』といいます）のソフトウェア、ネットワークを利用したサービスおよびこれに付随するサービス（以下「本サービス」と総称します）をご利用いただくにあたり、株式会社セガゲームス（以下「弊社」といいます）が本規約に定める以下の事項を予めご承諾ください。<br>お客様による本規約への同意・承諾は、弊社がお客様に本サービスのご利用を許諾する前提条件であり、万一、お客様が本規約の一部にでも違反した場合、以降の本サービスご利用を予告なくお断りさせていただく場合があります。この場合でも、お客様が既に支出した費用の返還はいたしません。<br>お客様が未成年者（20歳未満）等の制限行為能力者である場合には、必ず法定代理人（保護者・親権者等）の方の同意を得てから、本規約への同意・承諾を行ってください。<br><br>第1条（本規約）<br>1.本サービスに関し、弊社が運営するインターネット上の公式ホームページ（URL: http://pso2.jp/vita/ 以下「本サイト」といいます）をはじめ、関連するウェブサイトを通じて提示する諸規定および利用上の決まりごとも本規約の一部を構成します。<br>2.前項の諸規定および利用上の決まりごとが、同一の事項につき本規約と異なる定めをしている場合には、当該諸規定および利用上の決まりごとが優先します。<br>3.弊社は必要に応じて本規約を変更することができ、当該変更については、弊社が本サイトに掲載した時点から起算して24時間後またはお客様の登録Eメールアドレス宛に通知したときに効力を生じ、且つ、その後に初めて本サービスをご利用いただいた時点で、お客様は、当該変更をご承諾いただいたものとします。<br>4.前項の変更内容にご承諾いただけない場合は、直ちに本サービスのご利用をお止めください。この場合でも、本サービスの取得対価、利用料金等、名目のいかんを問わず、お客様が既に支出された費用等の返還はいたしません。<br>5.お客様は、本規約の内容が本条第3項の規定のとおり変更される可能性のあることを認識し、定期的に本サイトの掲示内容をご確認いただくものとします。<br><br>第2条（ゲームサーバーの利用）<br>1.本サービスをご利用いただくには、インターネットを経由して、弊社が指定するゲームサーバー（以下「本ゲームサーバー」といいます）に接続していただく必要があります。<br>2.本ゲームサーバーの接続・利用にあたり、お客様には、弊社が別途指定する方法によりSEGA ID（以下「本件ID」といいます）を取得していただきます。本サービスにおいては、お客様は本件IDごとに管理されます。また、本件IDのほか、第三者が提供する、有効なSony Entertainment Networkアカウントが必要となります。<br>3.本ゲームサーバーへの接続・利用には、本件IDおよびパスワード入力による認証が必要となります。<br>4.通信機器の準備、通信環境の設定、プロバイダとの契約、プロバイダ利用料、電話代金、通信料等、その他名目を問わず、本ゲームサーバーへの接続に必要となる機器の設置、設定、通信環境の構築、費用の支出については、お客様の責任と負担において行っていただくものとします。<br>5.弊社は、本規約に明示する場合の他、本ゲームサーバーの不使用または接続不能等、本サービスの不使用、または使用不能を理由として、既にお客様が負担した費用の返還には応じません。<br>6.本ゲームサーバーに接続した際、本ゲームサーバー側より自動的にお客様のクライアントを適正化・最新化するアップデートプログラムまたはデータをダウンロードする必要がある場合があります。アップデートプログラムまたはデータのダウンロードは、お客様自らの責任でするものとします。また、当該ダウンロードについても、前各項の本ゲームサーバーの接続・利用に含まれるものとします。<br>7.弊社は、お客様が禁止行為の潜脱等の不正な目的のため、不正な接続方法により本ゲームサーバーに接続する行為を禁止します。<br>8.本ゲームサーバーへの接続は、日本国内からの接続に限るものとします。日本国外から直接接続をすること、および日本国外から日本国内に所在する端末等を経由して接続することを禁止します。<br><br>第3条（基本利用料金）<br>お客様が、本サービスをご利用いただくにあたり必要となる本ゲームサーバーへの接続の基本利用料金は、原則として無償とします。但し、次条以下に定める通り、本サービス内において個別に有償となる旨定められているサービスにつき、お客様が利用することを求める場合は、この限りではありません。<br><br>第4条（個別有償サービスの提供）<br>1.弊社は、本サービスに付随して、本サービス内において別途有償にてサービスを提供する場合（以下「個別有償サービス」といいます）があります。お客様が個別有償サービスを利用するためには、別途弊社が指定する方法により、有料ポイント（以下「本件ポイント」といいます）を購入する必要があります。なお、本件ポイントの購入方法、購入手続、購入条件等については、別途本サイトにおいて定めるものとします。<br>2.本件ポイントの購入にあたっては、お客様が任意で選択した決済方法に関し、各決済手段提供事業者が定める規約に従い、お支払いいただく必要があります。<br>3.お客様と決済手段提供事業者との間で本件ポイントの購入に関し紛争が生じた場合は、お客様の責任においてこれを解決していただくものとし、弊社は一切責任を負わないものとします。<br><br>第5条（個別有償サービスおよび本件ポイントの利用、制限）<br>1.弊社は、お客様の本件ポイントの購入および保有について上限を設定する場合があり、お客様は当該上限を超えて本件ポイントを購入および保有することはできません。<br>2.個別有償サービスの利用にあたっては、本サービス内において明示される本件ポイントを使用する必要があり、当該個別有償サービスの利用について承諾をした時点で、本件ポイントを消費するものとします。<br>3.本件ポイントの有効期限は、お客様が最後に本件ポイントを購入した日時から起算して1年間とします。本件ポイントは、有効期限の経過により自動的に消去されるものとします。<br>4.お客様は、購入された本件ポイントを、第三者に譲渡、貸与、質入、担保提供をすることができません。また、弊社は、それらの行為の実施、申し出、勧誘を禁止します。<br>5.お客様が、第18条の定めに基づき永久的な利用停止措置がとられた場合、当該利用停止措置とともに本件ポイントは失効するものとします。<br>6.お客様は、お客様が購入された個別有償サービスおよび本件ポイントについて、前項の定めを含むいかなる理由によっても返金、換金、払戻し、返還を受けることはできません。但し、法令において明示的に返金義務を定める場合を除くものとします。<br><br>第6条（個別有償サービスの終了）<br>弊社は、60日前の予告期間をもってお客様に通知または告知を行った上で、個別有償サービスおよびそれに付随する本件ポイントの利用を中止し、または終了することができるものとします。また、本サービスを終了する場合は、個別有償サービスも当然に終了するものとします。<br><br>第7条（情報登録）<br>1.本件IDの取得、その他必要な手続きにあたり弊社が求めた場合、お客様は、弊社が別途指定する情報（Eメールアドレスなど個人情報を含みます）を、弊社が別途指定する方法により提供・登録いただくものとします。<br>2.お客様が提供・登録される情報について、ご利用されるお客様自身で、正確且つ正式な情報の登録を行っていただくものとします。<br>3.お客様が提供・登録した情報につき変更が生じた場合、別途弊社が指定する方法により速やかにこれをお届けいただくものとします。<br>4.弊社は、お客様から提供された情報について、次項に掲げる利用目的の達成のために必要な範囲で、弊社が指定する第三者に個人情報の適切な管理を義務付けた上で委託することができるものとします。<br>5.弊社は、お客様から提供された情報について、以下各号に定める範囲内または情報の提供・登録にあたり予め明示する利用目的の範囲内においてのみ、これを利用させていただきます。<br>一．本サービスおよびこれに付随するサービスの提供、これらに関連する情報告知(弊社または第三者の広告、メールマガジン等を含みます）、プレゼント発送および、障害・アンケート等に対する対応・対処のための業務。<br>二．弊社の権利を確保する為に行われる調査・対応業務。<br>三．個人を特定できない情報に変換したうえ、本サービスおよび本サービス以外の弊社サービス・商品に関するマーケティング（情報分析、検証等を目的として、弊社が第三者に対し委託することを含みます）。<br>四．問い合わせ、不具合対応のユーザーサポート。<br>6.弊社は、本規約に明示される場合および以下各号の場合を除き、お客様の事前の承諾なく、お客様から提供された情報を第三者に開示・提供いたしません。<br>一．法令の定めにより開示を義務付けられる場合。<br>二．法的権限を有する者からの開示要求があった場合。<br>三．急迫または不正な侵害から、弊社または第三者の権利を守り、または権利を回復するために止むを得ず開示する場合。<br>四．業務上、委託業者に開示が必要と判断される場合。<br>五．事業の承継その他の方法による、本サービスに関する営業の第三者への譲渡にともなって、当該譲渡先に対して提供される場合。<br>7.お客様が、弊社が別途指定する方法により自己の情報の修正・削除を求められ、弊社がお客様個人の各法令にて保護される権利・財産等が侵害される恐れがあると判断した場合、お客様から提供された情報を削除・修正を行うことができるものとします。<br>8.前各項に定めるほか、お客様から提供された情報については、弊社プライバシーポリシー（http://sega.jp/privacypolicy/）に従い取り扱うものとします。<br><br>第8条（本件ID、パスワード）<br>1.お客様の本件IDおよびパスワードは、大切に保管し、第三者への開示または使用はさせないでください。また、その使用および管理についてもお客様に一切の責任を負っていただきます。<br>2.弊社は、前項の本件IDおよびパスワードが第三者に使用されたことによってお客様が被る損害については、弊社に故意または重大な過失がある場合を除き、一切責任を負いません。<br>3.お客様が管理される本件IDおよびパスワードによりなされた本サービスのご利用およびその結果については、当該お客様自身の責任とさせていただきます。<br>4.同一のお客様が、複数の本件IDを使用して、本ゲームサーバーに接続している場合、弊社は当該のお客様が使用すると判断される他のすべての本件IDについて、本サービスを提供しないことができるものとします。<br><br>第9条（チート行為・不正行為の禁止）<br>1.本サービスをご利用いただくにあたり、以下の各号に定める行為（以下「チート行為」といいます）を行わないでください。<br>一．本サービスのキャラクター・アイテムその他のデータを改ざん、または不正に作成すること。<br>二．本サービスの利用方法として予め想定または許容される行為以外の行為を行うこと。<br>三．自動操作ツール（マクロ）の利用および弊社が認めないプログラム・マクロその他のツールを使用し本サービスを利用すること。<br>四．その他本サービスの解析、改ざん、改変、リバースエンジニアリングを行うこと。<br>五．その他本サービスの利用にあたり、本来の動作を変更し、ストーリーを変更する等、オンラインゲームの内容・進行・構成内容等を、意図的に変更すること。<br>2.本サービスを利用中であると否とを問わず、チート行為を可能とするプログラムまたはデータを他のお客様または第三者に使用、頒布（送信可能化することを含みます）、勧奨をしないでください。<br>3.他者の設備または本サービス用設備（弊社が本サービスを提供するために用意する通信設備、通信回線、電子計算機、その他の機器およびソフトウェアをいい、以下同様とします。）に不正にアクセスし、またはその利用もしくは運営に支障を与える行為をしないでください。<br>4.本サービスのいかなる不具合も、ゲーム内で不公正に優位に立つ目的で、これを使用しないでください。<br>5.本ゲームサーバーへのまたは本ゲームサーバーからの、いかなるデータおよびメッセージについても、これを意図的に変更し、またはリバースエンジニアリングしもしくは解読、翻訳、他目的へ利用しようとしないでください。<br>6.本サービスにおいてバグその他の不具合を発見した場合には、これを他のお客様に通知、公表等せず、別途弊社が指定する連絡先にご連絡ください。<br><br>第10条（一般的禁止事項）<br>本サービスをご利用いただくにあたり、以下の行為を行わないでください。<br>一．法令（法律・条約・政令・条例その他名目のいかんを問わず、公にお客様を拘束する規範を含みます）に違反する行為、およびこれに違反するおそれのある行為。または、違法な行為を勧誘または助長する行為。<br>二．他のお客様または第三者の権利（名誉権、プライバシー権、著作権等を含みますが、これらに限られません）を侵害する行為。<br>三．わいせつな表現、差別的表現、暴力・脅迫的表現、グロテスクな表現、およびその他不適切な表現行為等、公序良俗に反する行為。<br>四．営業行為（勧誘行為を含みますが、これらに限られません、また、個人、非個人の区別を問いません）、募金活動、選挙の事前運動その他政治活動、布教活動その他宗教活動。<br>五．性交およびわいせつな行為を目的とした出会い等を誘導する行為。<br>六．ねずみ講の勧誘、チェーンメールの送付、その他、お客様に同種の行為に参加することを勧誘する行為。<br>七．他のお客様に対する中傷、脅迫、その他、不安・不快にさせる言動、行動、行為。<br>八．弊社および弊社関連会社、委託先の従業員またはカスタマーサポート要員その他関係者になりすます行為。<br>九．コンピューターウイルスの送信・過度の容量のデータの送信、その他本ゲームサーバーに負担をかける行為、および他のお客様の利用を妨害する行為。<br>一〇．弊社に対して虚偽または誤解を生じさせる申告や届出を行う行為。<br>一一．その他、本サービスの運営を妨げ、またはそのおそれのある行為。<br>一二．弊社が提供するサービス・製品、または弊社が実施する本サービスの内容・運営に関しこれを誹謗中傷する行為。<br>一三．本サービスを構成するすべてのデータを弊社の許可なく取引の対象とする行為。（販売、転売、および購入する行為を含みます。）<br>一四．本サービスの利用を通じてゲーム内で取得したアイテム等を、ゲーム外での有償取引の対象とする行為。これには現実世界での流通通貨を用いて販売、および購入する行為や、インターネットオークション等の対象とする行為を含みます。<br>一五．本サービスにかかる著作権その他の権利を侵害する行為。<br>一六．『PSO2』のソフトウェアを本ゲームサーバー以外への接続のために利用する行為。<br>一七．チート行為の利用を勧誘、推奨する行為。<br>一八．本ゲーム内において、嫌がらせを目的としてメール受信者の意に反してメールを複数送信する行為。<br>一九．その他、本規約に違反する行為。<br>二〇．上記各号のいずれかに該当する行為（当該行為を他者が行っている場合を含みます。）がみられる文章やデータ等の掲示先を他のお客様に教える行為（当該掲示先へのリンクを貼る行為を含みます）。<br>二一．上記各号の他、本サービスの趣旨に鑑みて弊社が不適切と判断する行為。<br>二二．上記各号にかかわるすべての行為を勧誘または助長する行為、または準備行為。<br><br>第11条（コミュニティ機能等）<br>1.本サービスにおいて、または本サービスに関連して提供され得るメッセージサービス、掲示板サービス・コミュニティ機能サービスおよびこれらに類するサービス（以下「コミュニティ機能等」といいます）については、お客様同士のコミュニケーションの便宜をはかるために、無償且つ現状にて提供されるものであり、特定人間の通信を保証するものではありません。また、お客様から発信（アップロード）された情報は、弊社または弊社がその情報管理を委託する第三者のサーバー上に履歴情報（ログ）として記録される場合があることを予めご了承ください。<br>2.お客様がコミュニティ機能等を利用してアップロードされた情報については、弊社に、当該情報を複製・頒布する無償且つ非独占的な権利を許諾していただくものとします。また、これに際してお客様から商品やマーケティングに関する企画やアイディア等のご提案をいただいた場合でも、弊社およびそのグループ会社は、そのご提案を評価、検討、採用し、または秘密にする等の義務を負うことなく、無償で利用することができるものとさせていただきます。従って、すべてのご提案は、これに同意の上で行われたものとして取扱わせていただきますので、予めご了承ください。<br>3.お客様からアップロードされた情報が、第10条各号に該当すると弊社が判断した場合には、弊社は当該情報をお客様に予告なく削除する場合があります。但し、かかる場合における弊社による削除は、当該情報のアップロードに関しお客様が負うべき責任を軽減または免責するものではありません。<br><br>第12条（著作権をはじめとする知的財産権）<br>1.本サービスおよび本ゲームサーバー等を構成するすべてのプログラム、ソフトウェア、商標、商号 またはこれらに付随する技術全般に関する知的財産権およびその他の権利は、特段の表示なき限り、弊社または正当な権限を有する第三者に帰属します。<br>2.お客様は、本サービスをご利用いただくことにより得られる一切の情報を、弊社または権利者たる第三者の事前且つ明示の許諾なく複製、出版、放送、公衆送信、その他方法を問わず、私的使用の範囲を越えて使用することはできません。<br><br>第13条（免責・不保証）<br>1.本サービスおよび個別有償サービス（以下「本サービス等」と総称します）は、オンラインゲームとそれに付随するインターネットサービスを提供している特質上、個々の通信環境、使用機器環境に依存する度合いが高く、いかなる環境下でも利用可能なものではありません。従って、弊社は本サービス等がお客様の下におけるいかなる環境下でも利用可能であることにつき保証いたしません。<br>2.お客様は本サービス等の利用にあたり、お客様ご自身の判断により過度の利用を避けるものとします。過度の本サービス等の利用による肉体的、精神的、金銭的損害に関して弊社は一切の責任を負いません。<br>3.本サービス等は、各々のサービス提供時における現状にて提供されるものであり、正確性・完全性・有用性・信頼性等に瑕疵を含み得るものとして提供されます。従って、弊社は、お客様のご利用に関し、常に良好な環境で接続されること、お客様が発信した情報がサービス上に常に掲示されること等、本サービス等の内容並びに弊社より提供される情報について、その正確性・完全性・有用性・信頼性等に関していかなる保証もいたしません。<br>4.弊社は、お客様が本サービス等用設備に蓄積したデータ等が消失（ご本人による削除も含みます）した場合、または他人により改ざんされた場合、弊社はそれを復旧する責任は負わないものとします。<br>5.弊社は、本サービス等に関連するプログラムのインストール作業にともなう不具合等、本サービス等を利用するにあたって発生し得るすべての問題について、当該お客様および第三者に対し、一切の責任を負わないものとします。また、弊社が本サービス等をその時点でお客様に対し合理的に提供可能な場合、お客様は弊社が本サービス等について一切の補償をしないことについて予め了承するものとします。<br><br>第14条（自己責任の原則）<br>1.コミュニティ機能等の利用に際し、お客様が他のお客様に開示される情報については、不特定多数の第三者に開示される可能性のある性質のものであることをご認識ください。弊社は、お客様が自己の個人情報その他の情報を他のお客様に開示した場合の結果につき、一切責任を負いません。<br>2.コミュニティ機能等の利用にともない、お客様に対し、他のお客様または第三者からクレーム等が通知される等の紛争が発生した場合には、自己の責任と費用をもってこれを解決してください。<br>3.前二項の規定は、弊社がお客様に対するサービスとして解決に向けたサポートを提供することを妨げるものではありません。<br><br>第15条（セーブデータ）<br>1.お客様の本サービスにおけるゲームプレイ履歴（本サービスに関する一切の履歴をいい、以下「セーブデータ」といいます）は、最後に本ゲームサーバーに接続した日から1年間経過後に、弊社の本ゲームサーバーより削除される場合があります。なお、第18条に基づきお客様がサービスの利用を停止され、または本サービスの利用を解除された場合には、当該期間の経過の前後を問わず削除されます。<br>2.弊社は、お客様のセーブデータが瑕疵なく保存されること、読み出されることについては、前項の期間経過の前後を問わず、一切保証いたしません。<br>3.弊社は、本サービスの円滑な運営にとって必要止むを得ないと判断した場合、多数のお客様の利益となると判断した場合、その他必要であると弊社において判断した場合、お客様の事前の承諾を得ることなくセーブデータに変更を加える場合があります。<br><br>第16条（サービスの提供内容の変更）<br>弊社は、お客様への事前の通知なしに、本サービス等の内容を変更することができるものとします。但し、お客様に重大且つ不利益な影響を及ぼす変更については、当該変更の60日前までに、本サイト上での掲示による通知を行うものとします。<br><br>第17条（サービスの中断）<br>1.弊社は、次の各号に掲げる事由のいずれかが起こった場合には、お客様に事前に通知することなく、一時的に本サービス等の提供を中断することがあります。<br>一．サーバーのシステムにて弊社が予期せぬ不具合等の発生により、本サービス等の提供が停止した場合。<br>ニ．サーバーのシステムに関し定期的または緊急の保守を行う場合のほか、弊社が、運用上または技術上の理由から、サーバー運用の一時的な中断が必要と判断した場合。<br>2.前項各号に掲げる事由による場合は本サービス等の遅延または中断等が発生した場合でも、これに基づいてお客様が被った損害について弊社は一切責任を負わないものとします。<br><br>第18条（利用停止等）<br>1.弊社は、お客様が次の各号のいずれかに該当すると判断した場合、お客様に対し本サービス等の利用を許諾しない場合があります。<br>一．お客様から提供・登録された情報が虚偽であるとき。<br>ニ．お客様に本規約違反の事実があること、または過去に本規約違反のあったことが判明したとき。<br>三．前各号に掲げる場合の他、本サービス等の利用者として著しく不適当であると、弊社が合理的に判断できる事情があるとき。<br>2.弊社は、お客様が次のいずれかに該当すると判断した場合、直ちにお客様の本サービス等への参加を、部分的または全体的に、また、一時的または永久的に停止し、もしくはお客様に対する本サービス等の利用許諾を事前の予告無く解除することができるものとします。なおこの場合、本サービス等の利用に関してお客様が負担した費用は返還されません。<br>一．本規約に違反し、または違反する恐れがあるとき。<br>ニ．お客様に対する破産または民事再生手続き開始を申し立てられたとき、またはお客様自ら申し立てたとき。<br>三．決済手段提供事業者より、決済の無効または取消しの扱いとなったとき。<br>四．お客様の不注意により、第三者による本件IDの不正利用が行われた場合、またはその恐れがあると弊社が判断したとき。<br>五．前項各号に定める事項に該当するとき。<br>六．最後に本ゲームサーバーにログインした日から1年間経過したとき。<br>七．その他、本サービス等の運営に支障をきたすと弊社が判断したとき。<br>3.同一のお客様が、複数の本件IDを使用して、本ゲームサーバーに接続することが可能な状態であり、且つ、弊社が前項各号に基づき本件IDについて利用を停止、または利用許諾を解除した場合、弊社は当該のお客様が使用すると判断される他のすべての本件IDについて利用を停止し、または本規約に基づく利用許諾を解除することができます。<br>4.本規約に基づき、弊社がお客様の本サービス利用を停止し、または本規約に基づく利用許諾を解除した場合であって、お客様が本サービスに依拠したサービス（以下「関連サービス」といいます）を利用している場合、弊社は、関連サービスについても利用を停止し、または関連サービスの利用許諾を解除することができるものとします。<br><br>第19条（損害賠償責任）<br>1.本サービス等の利用に関しお客様に損害が発生した場合、弊社の責任の範囲は、お客様に生じた現実且つ直接の損害の範囲に限り、弊社の予見の有無にかかわらず、特別の事情から生じた損害、逸失利益、間接損害、その他の損害について弊社は一切の責任を負わないものとします。但し弊社の故意または重大な過失による場合にはこの限りではありません。<br>2.お客様が、本サービス等の利用に際し、弊社の権利または利益を侵害した場合には、弊社は当該お客様に対し損害賠償請求する場合があります。<br><br>第20条（譲渡禁止）<br>お客様は、本サービス等のご利用に関連する権利、地位または利益を第三者に譲渡または承継、担保としての提供することを行ってはならないものとします。<br><br>第21条（サポート）<br>1.本サービス等に関して、弊社がお客様に対し行う通知・連絡およびサポート提供は、日本語によってのみ行われるものとします。<br>2.お客様が弊社に対し、本サービスに関して連絡・問合せをされる場合は、本サイト上の投稿フォームより行っていただきます。電話・訪問による連絡・問合せには対応いたしかねます。<br>3.弊社は、お客様からの連絡・問合せに対して、各投稿フォーム内に記載されている方法に従い対応をさせていただくものとします。また、内容によっては個別の回答をいたしかねる場合があります。<br><br>第22条（サービス提供の終了）<br>1.弊社は、60日の予告期間をもってお客様に通知または告知の上、本サービス等の提供を終了するものとします。<br>2.前項の通知または告知は、弊社がお客様の登録Eメールアドレス宛に通知を発信したとき、または本サイト上に告知したときから起算して24時間のいずれか早い時点に効力を生ずるものとします。<br>3.前二項の定めに関わらず、弊社の責めによらない事由により本サービス等の提供が困難となった場合は、本サービスの終了後速やかに本サイト上において本サービス等の提供終了の理由を明らかにする事により、提供を終了することができるものとします。<br>4.弊社は、本サービス等提供の終了の際、本条の手続きを経ることにより、本サービス等の終了にともなうお客様からのいかなる請求からも免責されるものとします。<br><br>第23条（準拠法・裁判管轄）<br>1.本規約は、その成立、効力、解釈および履行を含め、すべて日本語で解釈され、また、日本国法令に規律されるものとし、本規約に定めのない事項は、著作権法、民法、商法その他の適用法令の定めに従うものとします。<br>2.本規約の一部が、消費者保護法令の強行規定部分および他の強行規定により効力を有しないとされる場合でも、その他の部分はこれに反しない最大限の範囲で効力を有するものとします。<br>3.本規約および本サービス等に関連するお客様と弊社との紛争については、日本国東京地方裁判所または東京簡易裁判所を第一審の専属的合意管轄裁判所とします。<br><br>以上<br>2012年12月4日\u3000制定<br>2014年3月5日\u3000改定<br>2016年4月20日\u3000改定<br><br>"""
UseAgreement_Decide#0,"""Voorwaarden Accepteren"""
UseAgreement_Cancel#0,"""Niet Accepteren"""
UseAgreement_WebLink#0,"""Voorwaarden bekijken"""
UseAgreementConfirm#0,"""Als je de voorwaarden niet accepteert,<br>Zul je het spel niet kunnen spelen.<br><br>Ben je zeker?"""
UseAgreementURL#0,"""http://pso2.jp/players/support/rule/"""
UseAgreementURLVita#0,"""http://pso2.jp/vita/players/support/rule/"""
UseAgreement_Message_ps4#0,"""PlayStation®4版『ファンタシースターオンライン2』利用規約<br><br>東京都大田区羽田1丁目2番12号<br>株式会社セガゲームス<br>2016年4月20日<br><br>PlayStation®4版『ファンタシースターオンライン2』（以下『PSO2』といいます）のソフトウェア、ネットワークを利用したサービスおよびこれに付随するサービス（以下「本サービス」と総称します）をご利用いただくにあたり、株式会社セガゲームス（以下「弊社」といいます）が本規約に定める以下の事項を予めご承諾ください。<br>お客様による本規約への同意・承諾は、弊社がお客様に本サービスのご利用を許諾する前提条件であり、万一、お客様が本規約の一部にでも違反した場合、以降の本サービスご利用を予告なくお断りさせていただく場合があります。この場合でも、お客様が既に支出した費用の返還はいたしません。<br>お客様が未成年者（20歳未満）等の制限行為能力者である場合には、必ず法定代理人（保護者・親権者等）の方の同意を得てから、本規約への同意・承諾を行ってください。<br><br>第1条（本規約）<br>1.本サービスに関し、弊社が運営するインターネット上の公式ホームページ（URL: http://pso2.jp/ 以下「本サイト」といいます）をはじめ、関連するウェブサイトを通じて提示する諸規定および利用上の決まりごとも本規約の一部を構成します。<br>2.前項の諸規定および利用上の決まりごとが、同一の事項につき本規約と異なる定めをしている場合には、当該諸規定および利用上の決まりごとが優先します。<br>3.弊社は必要に応じて本規約を変更することができ、当該変更については、弊社が本サイトに掲載した時点から起算して24時間後またはお客様の登録Eメールアドレス宛に通知したときに効力を生じ、且つ、その後に初めて本サービスをご利用いただいた時点で、お客様は、当該変更をご承諾いただいたものとします。<br>4.前項の変更内容にご承諾いただけない場合は、直ちに本サービスのご利用をお止めください。この場合でも、本サービスの取得対価、利用料金等、名目のいかんを問わず、お客様が既に支出された費用等の返還はいたしません。<br>5.お客様は、本規約の内容が本条第3項の規定のとおり変更される可能性のあることを認識し、定期的に本サイトの掲示内容をご確認いただくものとします。<br><br>第2条（ゲームサーバーの利用）<br>1.本サービスをご利用いただくには、インターネットを経由して、弊社が指定するゲームサーバー（以下「本ゲームサーバー」といいます）に接続していただく必要があります。<br>2.本ゲームサーバーの接続・利用にあたり、お客様には、弊社が別途指定する方法によりSEGA ID（以下「本件ID」といいます）を取得していただきます。本サービスにおいては、お客様は本件IDごとに管理されます。また、本件IDのほか、第三者が提供する、有効なSony Entertainment Networkアカウントが必要となります。<br>3.本ゲームサーバーへの接続・利用には、本件IDおよびパスワード入力による認証が必要となります。<br>4.通信機器の準備、通信環境の設定、プロバイダとの契約、プロバイダ利用料、電話代金、通信料等、その他名目を問わず、本ゲームサーバーへの接続に必要となる機器の設置、設定、通信環境の構築、費用の支出については、お客様の責任と負担において行っていただくものとします。<br>5.弊社は、本規約に明示する場合の他、本ゲームサーバーの不使用または接続不能等、本サービスの不使用、または使用不能を理由として、既にお客様が負担した費用の返還には応じません。<br>6.本ゲームサーバーに接続した際、本ゲームサーバー側より自動的にお客様のクライアントを適正化・最新化するアップデートプログラムまたはデータをダウンロードする必要がある場合があります。アップデートプログラムまたはデータのダウンロードは、お客様自らの責任でするものとします。また、当該ダウンロードについても、前各項の本ゲームサーバーの接続・利用に含まれるものとします。<br>7.弊社は、お客様が禁止行為の潜脱等の不正な目的のため、不正な接続方法により本ゲームサーバーに接続する行為を禁止します。<br>8.本ゲームサーバーへの接続は、日本国内からの接続に限るものとします。日本国外から直接接続をすること、および日本国外から日本国内に所在する端末等を経由して接続することを禁止します。<br><br>第3条（基本利用料金）<br>お客様が、本サービスをご利用いただくにあたり必要となる本ゲームサーバーへの接続の基本利用料金は、原則として無償とします。但し、次条以下に定める通り、本サービス内において個別に有償となる旨定められているサービスにつき、お客様が利用することを求める場合は、この限りではありません。<br><br>第4条（個別有償サービスの提供）<br>1.弊社は、本サービスに付随して、本サービス内において別途有償にてサービスを提供する場合（以下「個別有償サービス」といいます）があります。お客様が個別有償サービスを利用するためには、別途弊社が指定する方法により、有料ポイント（以下「本件ポイント」といいます）を購入する必要があります。なお、本件ポイントの購入方法、購入手続、購入条件等については、別途本サイトにおいて定めるものとします。<br>2.本件ポイントの購入にあたっては、お客様が任意で選択した決済方法に関し、各決済手段提供事業者が定める規約に従い、お支払いいただく必要があります。<br>3.お客様と決済手段提供事業者との間で本件ポイントの購入に関し紛争が生じた場合は、お客様の責任においてこれを解決していただくものとし、弊社は一切責任を負わないものとします。<br><br>第5条（個別有償サービスおよび本件ポイントの利用、制限）<br>1.弊社は、お客様の本件ポイントの購入および保有について上限を設定する場合があり、お客様は当該上限を超えて本件ポイントを購入および保有することはできません。<br>2.個別有償サービスの利用にあたっては、本サービス内において明示される本件ポイントを使用する必要があり、当該個別有償サービスの利用について承諾をした時点で、本件ポイントを消費するものとします。<br>3. 本件ポイントの有効期限は、お客様が最後に本件ポイントを購入した日時から起算して1年間とします。本件ポイントは、有効期限の経過により自動的に消去されるものとします。<br>4.お客様は、購入された本件ポイントを、第三者に譲渡、貸与、質入、担保提供をすることができません。また、弊社は、それらの行為の実施、申し出、勧誘を禁止します。<br>5.お客様が、第18条の定めに基づき永久的な利用停止措置がとられた場合、当該利用停止措置とともに本件ポイントは失効するものとします。<br>6.お客様は、お客様が購入された個別有償サービスおよび本件ポイントについて、前項の定めを含むいかなる理由によっても返金、換金、払戻し、返還を受けることはできません。但し、法令において明示的に返金義務を定める場合を除くものとします。<br><br>第6条（個別有償サービスの終了）<br>弊社は、60日前の予告期間をもってお客様に通知または告知を行った上で、個別有償サービスおよびそれに付随する本件ポイントの利用を中止し、または終了することができるものとします。また、本サービスを終了する場合は、個別有償サービスも当然に終了するものとします。<br><br>第7条（情報登録）<br>1.本件IDの取得、その他必要な手続きにあたり弊社が求めた場合、お客様は、弊社が別途指定する情報（Eメールアドレスなど個人情報を含みます）を、弊社が別途指定する方法により提供・登録いただくものとします。<br>2.お客様が提供・登録される情報について、ご利用されるお客様自身で、正確且つ正式な情報の登録を行っていただくものとします。<br>3.お客様が提供・登録した情報につき変更が生じた場合、別途弊社が指定する方法により速やかにこれをお届けいただくものとします。<br>4.弊社は、お客様から提供された情報について、次項に掲げる利用目的の達成のために必要な範囲で、弊社が指定する第三者に個人情報の適切な管理を義務付けた上で委託することができるものとします。<br>5.弊社は、お客様から提供された情報について、以下各号に定める範囲内または情報の提供・登録にあたり予め明示する利用目的の範囲内においてのみ、これを利用させていただきます。<br>一．本サービスおよびこれに付随するサービスの提供、これらに関連する情報告知(弊社または第三者の広告、メールマガジン等を含みます）、プレゼント発送および、障害・アンケート等に対する対応・対処のための業務。<br>二．弊社の権利を確保する為に行われる調査・対応業務。<br>三．個人を特定できない情報に変換したうえ、本サービスおよび本サービス以外の弊社サービス・商品に関するマーケティング（情報分析、検証等を目的として、弊社が第三者に対し委託することを含みます）。<br>四．問い合わせ、不具合対応のユーザーサポート。<br>6.弊社は、本規約に明示される場合および以下各号の場合を除き、お客様の事前の承諾なく、お客様から提供された情報を第三者に開示・提供いたしません。<br>一．法令の定めにより開示を義務付けられる場合。<br>二．法的権限を有する者からの開示要求があった場合。<br>三．急迫または不正な侵害から、弊社または第三者の権利を守り、または権利を回復するために止むを得ず開示する場合。<br>四．業務上、委託業者に開示が必要と判断される場合。<br>五．事業の承継その他の方法による、本サービスに関する営業の第三者への譲渡にともなって、当該譲渡先に対して提供される場合。<br>7.お客様が、弊社が別途指定する方法により自己の情報の修正・削除を求められ、弊社がお客様個人の各法令にて保護される権利・財産等が侵害される恐れがあると判断した場合、お客様から提供された情報を削除・修正を行うことができるものとします。<br>8.前各項に定めるほか、お客様から提供された情報については、弊社プライバシーポリシー（http://sega.jp/privacypolicy/）に従い取り扱うものとします。<br><br>第8条（本件ID、パスワード）<br>1.お客様の本件IDおよびパスワードは、大切に保管し、第三者への開示または使用はさせないでください。また、その使用および管理についてもお客様に一切の責任を負っていただきます。<br>2.弊社は、前項の本件IDおよびパスワードが第三者に使用されたことによってお客様が被る損害については、弊社に故意または重大な過失がある場合を除き、一切責任を負いません。<br>3.お客様が管理される本件IDおよびパスワードによりなされた本サービスのご利用およびその結果については、当該お客様自身の責任とさせていただきます。<br>4.同一のお客様が、複数の本件IDを使用して、本ゲームサーバーに接続している場合、弊社は当該のお客様が使用すると判断される他のすべての本件IDについて、本サービスを提供しないことができるものとします。<br><br>第9条（チート行為・不正行為の禁止）<br>1.本サービスをご利用いただくにあたり、以下の各号に定める行為（以下「チート行為」といいます）を行わないでください。<br>一．本サービスのキャラクター・アイテムその他のデータを改ざん、または不正に作成すること。<br>二．本サービスの利用方法として予め想定または許容される行為以外の行為を行うこと。<br>三．自動操作ツール（マクロ）の利用および弊社が認めないプログラム・マクロその他のツールを使用し本サービスを利用すること。<br>四．その他本サービスの解析、改ざん、改変、リバースエンジニアリングを行うこと。<br>五．その他本サービスの利用にあたり、本来の動作を変更し、ストーリーを変更する等、オンラインゲームの内容・進行・構成内容等を、意図的に変更すること。<br>2.本サービスを利用中であると否とを問わず、チート行為を可能とするプログラムまたはデータを他のお客様または第三者に使用、頒布（送信可能化することを含みます）、勧奨をしないでください。<br>3.他者の設備または本サービス用設備（弊社が本サービスを提供するために用意する通信設備、通信回線、電子計算機、その他の機器およびソフトウェアをいい、以下同様とします。）に不正にアクセスし、またはその利用もしくは運営に支障を与える行為をしないでください。<br>4.本サービスのいかなる不具合も、ゲーム内で不公正に優位に立つ目的で、これを使用しないでください。<br>5.本ゲームサーバーへのまたは本ゲームサーバーからの、いかなるデータおよびメッセージについても、これを意図的に変更し、またはリバースエンジニアリングしもしくは解読、翻訳、他目的へ利用しようとしないでください。<br>6.本サービスにおいてバグその他の不具合を発見した場合には、これを他のお客様に通知、公表等せず、別途弊社が指定する連絡先にご連絡ください。<br><br>第10条（一般的禁止事項）<br>本サービスをご利用いただくにあたり、以下の行為を行わないでください。<br>一．法令（法律・条約・政令・条例その他名目のいかんを問わず、公にお客様を拘束する規範を含みます）に違反する行為、およびこれに違反するおそれのある行為。または、違法な行為を勧誘または助長する行為。<br>二．他のお客様または第三者の権利（名誉権、プライバシー権、著作権等を含みますが、これらに限られません）を侵害する行為。<br>三．わいせつな表現、差別的表現、暴力・脅迫的表現、グロテスクな表現、およびその他不適切な表現行為等、公序良俗に反する行為。<br>四．営業行為（勧誘行為を含みますが、これらに限られません、また、個人、非個人の区別を問いません）、募金活動、選挙の事前運動その他政治活動、布教活動その他宗教活動。<br>五．性交およびわいせつな行為を目的とした出会い等を誘導する行為。<br>六．ねずみ講の勧誘、チェーンメールの送付、その他、お客様に同種の行為に参加することを勧誘する行為。<br>七．他のお客様に対する中傷、脅迫、その他、不安・不快にさせる言動、行動、行為。<br>八．弊社および弊社関連会社、委託先の従業員またはカスタマーサポート要員その他関係者になりすます行為。<br>九．コンピューターウイルスの送信・過度の容量のデータの送信、その他本ゲームサーバーに負担をかける行為、および他のお客様の利用を妨害する行為。<br>一〇．弊社に対して虚偽または誤解を生じさせる申告や届出を行う行為。<br>一一．その他、本サービスの運営を妨げ、またはそのおそれのある行為。<br>一二．弊社が提供するサービス・製品、または弊社が実施する本サービスの内容・運営に関しこれを誹謗中傷する行為。<br>一三．本サービスを構成するすべてのデータを弊社の許可なく取引の対象とする行為。（販売、転売、および購入する行為を含みます。）<br>一四．本サービスの利用を通じてゲーム内で取得したアイテム等を、ゲーム外での有償取引の対象とする行為。これには現実世界での流通通貨を用いて販売、および購入する行為や、インターネットオークション等の対象とする行為を含みます。<br>一五．本サービスにかかる著作権その他の権利を侵害する行為。<br>一六．『PSO2』のソフトウェアを本ゲームサーバー以外への接続のために利用する行為。<br>一七．チート行為の利用を勧誘、推奨する行為。<br>一八．本ゲーム内において、嫌がらせを目的としてメール受信者の意に反してメールを複数送信する行為。<br>一九．その他、本規約に違反する行為。<br>二〇．上記各号のいずれかに該当する行為（当該行為を他者が行っている場合を含みます。）がみられる文章やデータ等の掲示先を他のお客様に教える行為（当該掲示先へのリンクを貼る行為を含みます）。<br>二一．上記各号の他、本サービスの趣旨に鑑みて弊社が不適切と判断する行為。<br>二二．上記各号にかかわるすべての行為を勧誘または助長する行為、または準備行為。<br><br>第11条（コミュニティ機能等）<br>1.本サービスにおいて、または本サービスに関連して提供され得るメッセージサービス、掲示板サービス・コミュニティ機能サービスおよびこれらに類するサービス（以下「コミュニティ機能等」といいます）については、お客様同士のコミュニケーションの便宜をはかるために、無償且つ現状にて提供されるものであり、特定人間の通信を保証するものではありません。また、お客様から発信（アップロード）された情報は、弊社または弊社がその情報管理を委託する第三者のサーバー上に履歴情報（ログ）として記録される場合があることを予めご了承ください。<br>2.お客様がコミュニティ機能等を利用してアップロードされた情報については、弊社に、当該情報を複製・頒布する無償且つ非独占的な権利を許諾していただくものとします。また、これに際してお客様から商品やマーケティングに関する企画やアイディア等のご提案をいただいた場合でも、弊社およびそのグループ会社は、そのご提案を評価、検討、採用し、または秘密にする等の義務を負うことなく、無償で利用することができるものとさせていただきます。従って、すべてのご提案は、これに同意の上で行われたものとして取扱わせていただきますので、予めご了承ください。<br>3.お客様からアップロードされた情報が、第10条各号に該当すると弊社が判断した場合には、弊社は当該情報をお客様に予告なく削除する場合があります。但し、かかる場合における弊社による削除は、当該情報のアップロードに関しお客様が負うべき責任を軽減または免責するものではありません。<br><br>第12条（著作権をはじめとする知的財産権）<br>1.本サービスおよび本ゲームサーバー等を構成するすべてのプログラム、ソフトウェア、商標、商号 またはこれらに付随する技術全般に関する知的財産権およびその他の権利は、特段の表示なき限り、弊社または正当な権限を有する第三者に帰属します。<br>2.お客様は、本サービスをご利用いただくことにより得られる一切の情報を、弊社または権利者たる第三者の事前且つ明示の許諾なく複製、出版、放送、公衆送信、その他方法を問わず、私的使用の範囲を越えて使用することはできません。<br><br>第13条（免責・不保証）<br>1.本サービスおよび個別有償サービス（以下「本サービス等」と総称します）は、オンラインゲームとそれに付随するインターネットサービスを提供している特質上、個々の通信環境、使用機器環境に依存する度合いが高く、いかなる環境下でも利用可能なものではありません。従って、弊社は本サービス等がお客様の下におけるいかなる環境下でも利用可能であることにつき保証いたしません。<br>2.お客様は本サービス等の利用にあたり、お客様ご自身の判断により過度の利用を避けるものとします。過度の本サービス等の利用による肉体的、精神的、金銭的損害に関して弊社は一切の責任を負いません。<br>3.本サービス等は、各々のサービス提供時における現状にて提供されるものであり、正確性・完全性・有用性・信頼性等に瑕疵を含み得るものとして提供されます。従って、弊社は、お客様のご利用に関し、常に良好な環境で接続されること、お客様が発信した情報がサービス上に常に掲示されること等、本サービス等の内容並びに弊社より提供される情報について、その正確性・完全性・有用性・信頼性等に関していかなる保証もいたしません。<br>4.弊社は、お客様が本サービス等用設備に蓄積したデータ等が消失（ご本人による削除も含みます）した場合、または他人により改ざんされた場合、弊社はそれを復旧する責任は負わないものとします。<br>5.弊社は、本サービス等に関連するプログラムのインストール作業にともなう不具合等、本サービス等を利用するにあたって発生し得るすべての問題について、当該お客様および第三者に対し、一切の責任を負わないものとします。また、弊社が本サービス等をその時点でお客様に対し合理的に提供可能な場合、お客様は弊社が本サービス等について一切の補償をしないことについて予め了承するものとします。<br><br>第14条（自己責任の原則）<br>1.コミュニティ機能等の利用に際し、お客様が他のお客様に開示される情報については、不特定多数の第三者に開示される可能性のある性質のものであることをご認識ください。弊社は、お客様が自己の個人情報その他の情報を他のお客様に開示した場合の結果につき、一切責任を負いません。<br>2.コミュニティ機能等の利用にともない、お客様に対し、他のお客様または第三者からクレーム等が通知される等の紛争が発生した場合には、自己の責任と費用をもってこれを解決してください。<br>3.前二項の規定は、弊社がお客様に対するサービスとして解決に向けたサポートを提供することを妨げるものではありません。<br><br>第15条（セーブデータ）<br>1.お客様の本サービスにおけるゲームプレイ履歴（本サービスに関する一切の履歴をいい、以下「セーブデータ」といいます）は、最後に本ゲームサーバーに接続した日から1年間経過後に、弊社の本ゲームサーバーより削除される場合があります。なお、第18条に基づきお客様がサービスの利用を停止され、または本サービスの利用を解除された場合には、当該期間の経過の前後を問わず削除されます。<br>2.弊社は、お客様のセーブデータが瑕疵なく保存されること、読み出されることについては、前項の期間経過の前後を問わず、一切保証いたしません。<br>3.弊社は、本サービスの円滑な運営にとって必要止むを得ないと判断した場合、多数のお客様の利益となると判断した場合、その他必要であると弊社において判断した場合、お客様の事前の承諾を得ることなくセーブデータに変更を加える場合があります。<br><br>第16条（サービスの提供内容の変更）<br>弊社は、お客様への事前の通知なしに、本サービス等の内容を変更することができるものとします。但し、お客様に重大且つ不利益な影響を及ぼす変更については、当該変更の60日前までに、本サイト上での掲示による通知を行うものとします。<br><br>第17条（サービスの中断）<br>1.弊社は、次の各号に掲げる事由のいずれかが起こった場合には、お客様に事前に通知することなく、一時的に本サービス等の提供を中断することがあります。<br>一．サーバーのシステムにて弊社が予期せぬ不具合等の発生により、本サービス等の提供が停止した場合。<br>ニ．サーバーのシステムに関し定期的または緊急の保守を行う場合のほか、弊社が、運用上または技術上の理由から、サーバー運用の一時的な中断が必要と判断した場合。<br>2.前項各号に掲げる事由による場合は本サービス等の遅延または中断等が発生した場合でも、これに基づいてお客様が被った損害について弊社は一切責任を負わないものとします。<br><br>第18条（利用停止等）<br>1.弊社は、お客様が次の各号のいずれかに該当すると判断した場合、お客様に対し本サービス等の利用を許諾しない場合があります。<br>一．お客様から提供・登録された情報が虚偽であるとき。<br>ニ．お客様に本規約違反の事実があること、または過去に本規約違反のあったことが判明したとき。<br>三．前各号に掲げる場合の他、本サービス等の利用者として著しく不適当であると、弊社が合理的に判断できる事情があるとき。<br>2.弊社は、お客様が次のいずれかに該当すると判断した場合、直ちにお客様の本サービス等への参加を、部分的または全体的に、また、一時的または永久的に停止し、もしくはお客様に対する本サービス等の利用許諾を事前の予告無く解除することができるものとします。なおこの場合、本サービス等の利用に関してお客様が負担した費用は返還されません。<br>一．本規約に違反し、または違反する恐れがあるとき。<br>ニ．お客様に対する破産または民事再生手続き開始を申し立てられたとき、またはお客様自ら申し立てたとき。<br>三．決済手段提供事業者より、決済の無効または取消しの扱いとなったとき。<br>四．お客様の不注意により、第三者による本件IDの不正利用が行われた場合、またはその恐れがあると弊社が判断したとき。<br>五．前項各号に定める事項に該当するとき。<br>六．最後に本ゲームサーバーにログインした日から1年間経過したとき。<br>七．その他、本サービス等の運営に支障をきたすと弊社が判断したとき。<br>3.同一のお客様が、複数の本件IDを使用して、本ゲームサーバーに接続することが可能な状態であり、且つ、弊社が前項各号に基づき本件IDについて利用を停止、または利用許諾を解除した場合、弊社は当該のお客様が使用すると判断される他のすべての本件IDについて利用を停止し、または本規約に基づく利用許諾を解除することができます。<br>4.本規約に基づき、弊社がお客様の本サービス利用を停止し、または本規約に基づく利用許諾を解除した場合であって、お客様が本サービスに依拠したサービス（以下「関連サービス」といいます）を利用している場合、弊社は、関連サービスについても利用を停止し、または関連サービスの利用許諾を解除することができるものとします。<br><br>第19条（損害賠償責任）<br>1.本サービス等の利用に関しお客様に損害が発生した場合、弊社の責任の範囲は、お客様に生じた現実且つ直接の損害の範囲に限り、弊社の予見の有無にかかわらず、特別の事情から生じた損害、逸失利益、間接損害、その他の損害について弊社は一切の責任を負わないものとします。但し弊社の故意または重大な過失による場合にはこの限りではありません。<br>2.お客様が、本サービス等の利用に際し、弊社の権利または利益を侵害した場合には、弊社は当該お客様に対し損害賠償請求する場合があります。<br><br>第20条（譲渡禁止）<br>お客様は、本サービス等のご利用に関連する権利、地位または利益を第三者に譲渡または承継、担保としての提供することを行ってはならないものとします。<br><br>第21条（サポート）<br>1.本サービス等に関して、弊社がお客様に対し行う通知・連絡およびサポート提供は、日本語によってのみ行われるものとします。<br>2.お客様が弊社に対し、本サービスに関して連絡・問合せをされる場合は、本サイト上の投稿フォームより行っていただきます。電話・訪問による連絡・問合せには対応いたしかねます。<br>3.弊社は、お客様からの連絡・問合せに対して、各投稿フォーム内に記載されている方法に従い対応をさせていただくものとします。また、内容によっては個別の回答をいたしかねる場合があります。<br><br>第22条（サービス提供の終了）<br>1.弊社は、60日の予告期間をもってお客様に通知または告知の上、本サービス等の提供を終了するものとします。<br>2.前項の通知または告知は、弊社がお客様の登録Eメールアドレス宛に通知を発信したとき、または本サイト上に告知したときから起算して24時間のいずれか早い時点に効力を生ずるものとします。<br>3.前二項の定めに関わらず、弊社の責めによらない事由により本サービス等の提供が困難となった場合は、本サービスの終了後速やかに本サイト上において本サービス等の提供終了の理由を明らかにする事により、提供を終了することができるものとします。<br>4.弊社は、本サービス等提供の終了の際、本条の手続きを経ることにより、本サービス等の終了にともなうお客様からのいかなる請求からも免責されるものとします。<br><br>第23条（準拠法・裁判管轄）<br>1.本規約は、その成立、効力、解釈および履行を含め、すべて日本語で解釈され、また、日本国法令に規律されるものとし、本規約に定めのない事項は、著作権法、民法、商法その他の適用法令の定めに従うものとします。<br>2.本規約の一部が、消費者保護法令の強行規定部分および他の強行規定により効力を有しないとされる場合でも、その他の部分はこれに反しない最大限の範囲で効力を有するものとします。<br>3.本規約および本サービス等に関連するお客様と弊社との紛争については、日本国東京地方裁判所または東京簡易裁判所を第一審の専属的合意管轄裁判所とします。<br><br>以上<br>2016年4月20日\u3000制定<br>"""
UseAgreement_Title#1,"""Phantasy Star Online 2 - Gebruiksvoorwaarden"""
UseAgreement_Message#1,"""『ファンタシースターオンライン2』利用規約<br>東京都大田区羽田1丁目2番12号<br>株式会社セガゲームス<br>2012年5月23日<br><br>『ファンタシースターオンライン2』（以下『PSO2』といいます）のソフトウェア、ネットワークを利用したサービスおよびこれに付随するサービス（以下「本サービス」と総称します）をご利用いただくにあたり、株式会社セガゲームス（以下「弊社」といいます）が本規約に定める以下の事項を予めご承諾ください。<br>お客様による本規約への同意・承諾は、弊社がお客様に本サービスのご利用を許諾する前提条件であり、万一、お客様が本規約の一部にでも違反した場合、以降の本サービスご利用を予告なくお断りさせていただく場合があります。この場合でも、お客様が既に支出した費用の返還はいたしません。<br>お客様が未成年者（20歳未満）等の制限行為能力者である場合には、必ず法定代理人（保護者・親権者等）の方の同意を得てから、本規約への同意・承諾を行ってください。<br><br>第1条（本規約）<br>1.本サービスに関し、弊社が運営するインターネット上の公式ホームページ（URL: http://pso2.jp/ 以下「本サイト」といいます）をはじめ、関連するウェブサイトを通じて提示する諸規定および利用上の決まりごとも本規約の一部を構成します。<br>2.前項の諸規定および利用上の決まりごとが、同一の事項につき本規約と異なる定めをしている場合には、当該諸規定および利用上の決まりごとが優先します。<br>3.弊社は必要に応じて本規約を変更することができ、当該変更については、弊社が本サイトに掲載した時点から起算して24時間後またはお客様の登録Eメールアドレス宛に通知したときに効力を生じ、且つ、その後に初めて本サービスをご利用いただいた時点で、お客様は、当該変更をご承諾いただいたものとします。<br>4.前項の変更内容にご承諾いただけない場合は、直ちに本サービスのご利用をお止めください。この場合でも、本サービスの取得対価、利用料金等、名目のいかんを問わず、お客様が既に支出された費用等の返還はいたしません。<br>5.お客様は、本規約の内容が本条第3項の規定のとおり変更される可能性のあることを認識し、定期的に本サイトの掲示内容をご確認いただくものとします。<br><br>第2条（ゲームサーバーの利用）<br>1.本サービスをご利用いただくには、インターネットを経由して、弊社が指定するゲームサーバー（以下「本ゲームサーバー」といいます）に接続していただく必要があります。<br>2.本ゲームサーバーの接続・利用にあたり、お客様には、弊社が別途指定する方法によりSEGA ID、もしくは弊社が別途指定する第三者の提供するサービスのID（以下、総称して「本件ID」といいます）を取得していただきます。本サービスにおいては、お客様は本件IDごとに管理されます。<br>3.本ゲームサーバーへの接続・利用には、本件IDおよびパスワード入力による認証が必要となります。<br>4.通信機器の準備、通信環境の設定、プロバイダとの契約、プロバイダ利用料、電話代金、通信料等、その他名目を問わず、本ゲームサーバーへの接続に必要となる機器の設置、設定、通信環境の構築、費用の支出については、お客様の責任と負担において行っていただくものとします。<br>5.弊社は、本規約に明示する場合の他、本ゲームサーバーの不使用または接続不能等、本サービスの不使用、または使用不能を理由として、既にお客様が負担した費用の返還には応じません。<br>6.本ゲームサーバーに接続した際、本ゲームサーバー側より自動的にお客様のクライアントを適正化・最新化するアップデートプログラムまたはデータをダウンロードする必要がある場合があります。アップデートプログラムまたはデータのダウンロードは、お客様自らの責任でするものとします。また、当該ダウンロードについても、前各項の本ゲームサーバーの接続・利用に含まれるものとします。<br>7.弊社は、お客様が禁止行為の潜脱等の不正な目的のため、不正な接続方法により本ゲームサーバーに接続する行為を禁止します。<br>8.本ゲームサーバーへの接続は、日本国内に存在する端末にインストールされたソフトウェアからの接続に限るものとします。日本国外から直接接続をすること、および日本国外から日本国内に所在する端末等を経由して接続することを禁止します。<br><br>第3条（基本利用料金）<br>お客様が、本サービスをご利用いただくにあたり必要となる本ゲームサーバーへの接続の基本利用料金は、原則として無償とします。但し、次条以下に定める通り、本サービス内において個別に有償となる旨定められているサービスにつき、お客様が利用することを求める場合は、この限りではありません。<br><br>第4条（個別有償サービスの提供）<br>1.弊社は、本サービスに付随して、本サービス内において別途有償にてサービスを提供する場合（以下「個別有償サービス」といいます）があります。お客様が個別有償サービスを利用するためには、別途弊社が指定する方法により、アークスキャッシュ（以下「AC」といいます）を購入する必要があります。なお、ACの購入方法、購入手続、購入条件等については、別途本サイトにおいて定めるものとします。<br>2.ACの購入にあたっては、お客様が任意で選択した決済方法に関し、各決済手段提供事業者が定める規約に従い、お支払いいただく必要があります。<br>3.お客様と決済手段提供事業者との間でACの購入に関し紛争が生じた場合は、お客様の責任においてこれを解決していただくものとし、弊社は一切責任を負わないものとします。<br><br>第5条（個別有償サービスおよびACの利用、制限）<br>1.弊社は、お客様のACの購入および保有について上限を設定する場合があり、お客様は当該上限を超えてACを購入および保有することはできません。<br>2.個別有償サービスの利用にあたっては、本サービス内において明示されるACを使用する必要があり、当該個別有償サービスの利用について承諾をした時点で、ACを消費するものとします。<br>3.ACの有効期限は、お客様が最後にACを購入した日時から起算して1年間とします。ACは、有効期限の経過により自動的に消去されるものとします。<br>4.お客様は、購入されたACを、第三者に譲渡、貸与、質入、担保提供をすることができません。また、弊社は、それらの行為の実施、申し出、勧誘を禁止します。<br>5.お客様が、第18条の定めに基づき永久的な利用停止措置がとられた場合、当該利用停止措置とともにACは失効するものとします。<br>6.お客様は、お客様が購入された個別有償サービスおよびACについて、前項の定めを含むいかなる理由によっても返金、換金、払戻し、返還を受けることはできません。但し、法令において明示的に返金義務を定める場合を除くものとします。<br><br>第6条（個別有償サービスの終了）<br>弊社は、60日前の予告期間をもってお客様に通知または告知を行った上で、個別有償サービスおよびそれに付随するACの利用を中止し、または終了することができるものとします。また、本サービスを終了する場合は、個別有償サービスも当然に終了するものとします。<br><br>第7条（情報登録）<br>1.本件IDの取得、その他必要な手続きにあたり弊社が求めた場合、お客様は、弊社が別途指定する情報（Eメールアドレスなど個人情報を含みます）を、弊社が別途指定する方法により提供・登録いただくものとします。<br>2.お客様が提供・登録される情報について、ご利用されるお客様自身で、正確且つ正式な情報の登録を行っていただくものとします。<br>3.お客様が提供・登録した情報につき変更が生じた場合、別途弊社が指定する方法により速やかにこれをお届けいただくものとします。<br>4.弊社は、お客様から提供された情報について、次項に掲げる利用目的の達成のために必要な範囲で、弊社が指定する第三者に個人情報の適切な管理を義務付けた上で委託することができるものとします。<br>5.弊社は、お客様から提供された情報について、以下各号に定める範囲内または情報の提供・登録にあたり予め明示する利用目的の範囲内においてのみ、これを利用させていただきます。<br>一．本サービスおよびこれに付随するサービスの提供、これらに関連する情報告知(弊社または第三者の広告、メールマガジン等を含みます）、プレゼント発送および、障害・アンケート等に対する対応・対処のための業務。<br>二．弊社の権利を確保する為に行われる調査・対応業務。<br>三．個人を特定できない情報に変換したうえ、本サービスおよび本サービス以外の弊社サービス・商品に関するマーケティング（情報分析、検証等を目的として、弊社が第三者に対し委託することを含みます）。<br>四．問い合わせ、不具合対応のユーザーサポート。<br>6.弊社は、本規約に明示される場合および以下各号の場合を除き、お客様の事前の承諾なく、お客様から提供された情報を第三者に開示・提供いたしません。<br>一．法令の定めにより開示を義務付けられる場合。<br>二．法的権限を有する者からの開示要求があった場合。<br>三．急迫または不正な侵害から、弊社または第三者の権利を守り、または権利を回復するために止むを得ず開示する場合。<br>四．業務上、委託業者に開示が必要と判断される場合。<br>五．事業の承継その他の方法による、本サービスに関する営業の第三者への譲渡にともなって、当該譲渡先に対して提供される場合。<br>7.お客様が、弊社が別途指定する方法により自己の情報の修正・削除を求められ、弊社がお客様個人の各法令にて保護される権利・財産等が侵害される恐れがあると判断した場合、お客様から提供された情報を削除・修正を行うことができるものとします。<br>8.前各項に定めるほか、お客様から提供された情報については、弊社プライバシーポリシー（http://sega.jp/privacypolicy/）に従い取り扱うものとします。<br>9.本条の規定に関わらず、本件IDについて、弊社が別途指定する第三者の提供するサービスの本件IDを利用する場合、当該の本件IDの管理、登録情報のうち個人を認証するために必要な情報の取扱いについては、当該第三者が定める規約等の規定によるものとします。<br><br>第8条（本件ID、パスワード）<br>1.お客様の本件IDおよびパスワードは、大切に保管し、第三者への開示または使用はさせないでください。また、その使用および管理についてもお客様に一切の責任を負っていただきます。<br>2.弊社は、前項の本件IDおよびパスワードが第三者に使用されたことによってお客様が被る損害については、弊社に故意または重大な過失がある場合を除き、一切責任を負いません。<br>3.お客様が管理される本件IDおよびパスワードによりなされた本サービスのご利用およびその結果については、当該お客様自身の責任とさせていただきます。<br>4.同一のお客様が、複数の本件IDを使用して、本ゲームサーバーに接続している場合、弊社は当該のお客様が使用すると判断される他のすべての本件IDについて、サービスを提供しないことができるものとします。<br><br>第9条（チート行為・不正行為の禁止）<br>1.本サービスをご利用いただくにあたり、以下の各号に定める行為（以下「チート行為」といいます）を行わないでください。<br>一．本サービスのキャラクター・アイテムその他のデータを改ざん、または不正に作成すること。<br>二．本サービスの利用方法として予め想定または許容される行為以外の行為を行うこと。<br>三．自動操作ツール（マクロ）の利用および弊社が認めないプログラム・マクロその他のツールを使用し本サービスを利用すること。<br>四．その他本サービスの解析、改ざん、改変、リバースエンジニアリングを行うこと。<br>五．その他本サービスの利用にあたり、本来の動作を変更し、ストーリーを変更する等、オンラインゲームの内容・進行・構成内容等を、意図的に変更すること。<br>2.本サービスを利用中であると否とを問わず、チート行為を可能とするプログラムまたはデータを他のお客様または第三者に使用、頒布（送信可能化することを含みます）、勧奨をしないでください。<br>3.他者の設備または本サービス用設備（弊社が本サービスを提供するために用意する通信設備、通信回線、電子計算機、その他の機器およびソフトウェアをいい、以下同様とします。）に不正にアクセスし、またはその利用もしくは運営に支障を与える行為をしないでください。<br>4.本サービスのいかなる不具合も、ゲーム内で不公正に優位に立つ目的で、これを使用しないでください。<br>5.本ゲームサーバーへのまたは本ゲームサーバーからの、いかなるデータおよびメッセージについても、これを意図的に変更し、またはリバースエンジニアリングしもしくは解読、翻訳、他目的へ利用しようとしないでください。<br>6.本サービスにおいてバグその他の不具合を発見した場合には、これを他のお客様に通知、公表等せず、別途弊社が指定する連絡先にご連絡ください。<br><br>第10条（一般的禁止事項）<br>本サービスをご利用いただくにあたり、以下の行為を行わないでください。<br>一．法令（法律・条約・政令・条例その他名目のいかんを問わず、公にお客様を拘束する規範を含みます）に違反する行為、およびこれに違反するおそれのある行為。または、違法な行為を勧誘または助長する行為。<br>二．他のお客様または第三者の権利（名誉権、プライバシー権、著作権等を含みますが、これらに限られません）を侵害する行為。<br>三．わいせつな表現、差別的表現、暴力・脅迫的表現、グロテスクな表現、およびその他不適切な表現行為等、公序良俗に反する行為。<br>四．営業行為（勧誘行為を含みますが、これらに限られません、また、個人、非個人の区別を問いません）、募金活動、選挙の事前運動その他政治活動、布教活動その他宗教活動。<br>五．性交およびわいせつな行為を目的とした出会い等を誘導する行為。<br>六．ねずみ講の勧誘、チェーンメールの送付、その他、お客様に同種の行為に参加することを勧誘する行為。<br>七．他のお客様に対する中傷、脅迫、その他、不安・不快にさせる言動、行動、行為。<br>八．弊社および弊社関連会社、委託先の従業員またはカスタマーサポート要員その他関係者になりすます行為。<br>九．コンピューターウイルスの送信・過度の容量のデータの送信、その他本ゲームサーバーに負担をかける行為、および他のお客様の利用を妨害する行為。<br>一〇．弊社に対して虚偽または誤解を生じさせる申告や届出を行う行為。<br>一一．その他、本サービスの運営を妨げ、またはそのおそれのある行為。<br>一二．弊社が提供するサービス・製品、または弊社が実施する本サービスの内容・運営に関しこれを誹謗中傷する行為。<br>一三．本サービスを構成するすべてのデータを弊社の許可なく取引の対象とする行為。（販売、転売、および購入する行為を含みます。）<br>一四．本サービスの利用を通じてゲーム内で取得したアイテム等を、ゲーム外での有償取引の対象とする行為。これには現実世界での流通通貨を用いて販売、および購入する行為や、インターネットオークション等の対象とする行為を含みます。<br>一五．本サービスにかかる著作権その他の権利を侵害する行為。<br>一六．『PSO2』のソフトウェアを本ゲームサーバー以外への接続のために利用する行為。<br>一七．チート行為の利用を勧誘、推奨する行為。<br>一八．本ゲーム内において、嫌がらせを目的としてメール受信者の意に反してメールを複数送信する行為。<br>一九．その他、本規約に違反する行為。<br>二〇．上記各号のいずれかに該当する行為（当該行為を他者が行っている場合を含みます。）がみられる文章やデータ等の掲示先を他のお客様に教える行為（当該掲示先へのリンクを貼る行為を含みます）。<br>二一．上記各号の他、本サービスの趣旨に鑑みて弊社が不適切と判断する行為。<br>二二．上記各号にかかわるすべての行為を勧誘または助長する行為、または準備行為。<br><br>第11条（コミュニティ機能等）<br>1.本サービスにおいて、または本サービスに関連して提供され得るメッセージサービス、掲示板サービス・コミュニティ機能サービスおよびこれらに類するサービス（以下「コミュニティ機能等」といいます）については、お客様同士のコミュニケーションの便宜をはかるために、無償且つ現状にて提供されるものであり、特定人間の通信を保証するものではありません。また、お客様から発信（アップロード）された情報は、弊社または弊社がその情報管理を委託する第三者のサーバー上に履歴情報（ログ）として記録される場合があることを予めご了承ください。<br>2.お客様がコミュニティ機能等を利用してアップロードされた情報については、弊社に、当該情報を複製・頒布する無償且つ非独占的な権利を許諾していただくものとします。また、これに際してお客様から商品やマーケティングに関する企画やアイディア等のご提案をいただいた場合でも、弊社およびそのグループ会社は、そのご提案を評価、検討、採用し、または秘密にする等の義務を負うことなく、無償で利用することができるものとさせていただきます。従って、すべてのご提案は、これに同意の上で行われたものとして取扱わせていただきますので、予めご了承ください。<br>3.お客様からアップロードされた情報が、第10条各号に該当すると弊社が判断した場合には、弊社は当該情報をお客様に予告なく削除する場合があります。但し、かかる場合における弊社による削除は、当該情報のアップロードに関しお客様が負うべき責任を軽減または免責するものではありません。<br><br>第12条（著作権をはじめとする知的財産権）<br>1.本サービスおよび本ゲームサーバー等を構成するすべてのプログラム、ソフトウェア、商標、商号 またはこれらに付随する技術全般に関する知的財産権およびその他の権利は、特段の表示なき限り、弊社または正当な権限を有する第三者に帰属します。<br>2.お客様は、本サービスをご利用いただくことにより得られる一切の情報を、弊社または権利者たる第三者の事前且つ明示の許諾なく複製、出版、放送、公衆送信、その他方法を問わず、私的使用の範囲を越えて使用することはできません。<br><br>第13条（免責・不保証）<br>1.本サービスおよび個別有償サービス（以下「本サービス等」と総称します）は、オンラインゲームとそれに付随するインターネットサービスを提供している特質上、個々の通信環境、使用機器環境に依存する度合いが高く、いかなる環境下でも利用可能なものではありません。従って、弊社は本サービス等がお客様の下におけるいかなる環境下でも利用可能であることにつき保証いたしません。<br>2.お客様は本サービス等の利用にあたり、お客様ご自身の判断により過度の利用を避けるものとします。過度の本サービス等の利用による肉体的、精神的、金銭的損害に関して弊社は一切の責任を負いません。<br>3.本サービス等は、各々のサービス提供時における現状にて提供されるものであり、正確性・完全性・有用性・信頼性等に瑕疵を含み得るものとして提供されます。従って、弊社は、お客様のご利用に関し、常に良好な環境で接続されること、お客様が発信した情報がサービス上に常に掲示されること等、本サービス等の内容並びに弊社より提供される情報について、その正確性・完全性・有用性・信頼性等に関していかなる保証もいたしません。<br>4.弊社は、お客様が本サービス等用設備に蓄積したデータ等が消失（ご本人による削除も含みます）した場合、または他人により改ざんされた場合、弊社はそれを復旧する責任は負わないものとします。<br>5.弊社は、本サービス等に関連するプログラムのインストール作業にともなう不具合等、本サービス等を利用するにあたって発生し得るすべての問題について、当該お客様および第三者に対し、一切の責任を負わないものとします。また、弊社が本サービス等をその時点でお客様に対し合理的に提供可能な場合、お客様は弊社が本サービス等について一切の補償をしないことについて予め了承するものとします。<br><br>第14条（自己責任の原則）<br>1.コミュニティ機能等の利用に際し、お客様が他のお客様に開示される情報については、不特定多数の第三者に開示される可能性のある性質のものであることをご認識ください。弊社は、お客様が自己の個人情報その他の情報を他のお客様に開示した場合の結果につき、一切責任を負いません。<br>2.コミュニティ機能等の利用にともない、お客様に対し、他のお客様または第三者からクレーム等が通知される等の紛争が発生した場合には、自己の責任と費用をもってこれを解決してください。<br>3.前二項の規定は、弊社がお客様に対するサービスとして解決に向けたサポートを提供することを妨げるものではありません。<br><br>第15条（セーブデータ）<br>1.お客様の本サービスにおけるゲームプレイ履歴（本サービスに関する一切の履歴をいい、以下「セーブデータ」といいます）は、最後に本ゲームサーバーに接続した日から1年間経過後に、弊社の本ゲームサーバーより削除される場合があります。なお、第18条に基づきお客様がサービスの利用を停止され、または本サービスの利用を解除された場合には、当該期間の経過の前後を問わず削除されます。<br>2.弊社は、お客様のセーブデータが瑕疵なく保存されること、読み出されることについては、前項の期間経過の前後を問わず、一切保証いたしません。<br>3.弊社は、本サービスの円滑な運営にとって必要止むを得ないと判断した場合、多数のお客様の利益となると判断した場合、その他必要であると弊社において判断した場合、お客様の事前の承諾を得ることなくセーブデータに変更を加える場合があります。<br><br>第16条（サービスの提供内容の変更）<br>弊社は、お客様への事前の通知なしに、本サービス等の内容を変更することができるものとします。但し、お客様に重大且つ不利益な影響を及ぼす変更については、当該変更の60日前までに、本サイト上での掲示による通知を行うものとします。<br><br>第17条（サービスの中断）<br>1.弊社は、次の各号に掲げる事由のいずれかが起こった場合には、お客様に事前に通知することなく、一時的に本サービス等の提供を中断することがあります。<br>一．サーバーのシステムにて弊社が予期せぬ不具合等の発生により、本サービス等の提供が停止した場合。<br>ニ．サーバーのシステムに関し定期的または緊急の保守を行う場合のほか、弊社が、運用上または技術上の理由から、サーバー運用の一時的な中断が必要と判断した場合。<br>2.前項各号に掲げる事由による場合は本サービス等の遅延または中断等が発生した場合でも、これに基づいてお客様が被った損害について弊社は一切責任を負わないものとします。<br><br>第18条（利用停止等）<br>1.弊社は、お客様が次の各号のいずれかに該当すると判断した場合、お客様に対し本サービス等の利用を許諾しない場合があります。<br>一．お客様から提供・登録された情報が虚偽であるとき。<br>ニ．お客様に本規約違反の事実があること、または過去に本規約違反のあったことが判明したとき。<br>三．前各号に掲げる場合の他、本サービス等の利用者として著しく不適当であると、弊社が合理的に判断できる事情があるとき。<br>2.弊社は、お客様が次のいずれかに該当すると判断した場合、直ちにお客様の本サービス等への参加を、部分的または全体的に、また、一時的または永久的に停止し、もしくはお客様に対する本サービス等の利用許諾を事前の予告無く解除することができるものとします。なおこの場合、本サービス等の利用に関してお客様が負担した費用は返還されません。<br>一．本規約に違反し、または違反する恐れがあるとき。<br>ニ．お客様に対する破産または民事再生手続き開始を申し立てられたとき、またはお客様自ら申し立てたとき。<br>三．決済手段提供事業者より、決済の無効または取消しの扱いとなったとき。<br>四．お客様の不注意により、第三者による本件IDの不正利用が行われた場合、またはその恐れがあると弊社が判断したとき。<br>五．前項各号に定める事項に該当するとき。<br>六．最後に本ゲームサーバーにログインした日から1年間経過したとき。<br>七．その他、本サービス等の運営に支障をきたすと弊社が判断したとき。<br>3.同一のお客様が、複数の本件IDを使用して、本ゲームサーバーに接続することが可能な状態であり、且つ、弊社が前項各号に基づき本件IDについて利用を停止、または利用許諾を解除した場合、弊社は当該のお客様が使用すると判断される他のすべての本件IDについて利用を停止し、または本規約に基づく利用許諾を解除することができます。<br>4.本規約に基づき、弊社がお客様の本サービス利用を停止し、または本規約に基づく利用許諾を解除した場合であって、お客様が本サービスに依拠したサービス（以下「関連サービス」といいます）を利用している場合、弊社は、関連サービスについても利用を停止し、または関連サービスの利用許諾を解除することができるものとします。<br><br>第19条（損害賠償責任）<br>1.本サービス等の利用に関しお客様に損害が発生した場合、弊社の責任の範囲は、お客様に生じた現実且つ直接の損害の範囲に限り、弊社の予見の有無にかかわらず、特別の事情から生じた損害、逸失利益、間接損害、その他の損害について弊社は一切の責任を負わないものとします。但し弊社の故意または重大な過失による場合にはこの限りではありません。<br>2.お客様が、本サービス等の利用に際し、弊社の権利または利益を侵害した場合には、弊社は当該お客様に対し損害賠償請求する場合があります。<br><br>第20条（譲渡禁止）<br>お客様は、本サービス等のご利用に関連する権利、地位または利益を第三者に譲渡または承継、担保としての提供することを行ってはならないものとします。<br><br>第21条（サポート）<br>1.本サービス等に関して、弊社がお客様に対し行う通知・連絡およびサポート提供は、日本語によってのみ行われるものとします。<br>2.お客様が弊社に対し、本サービスに関して連絡・問合せをされる場合は、本サイト上の投稿フォームより行っていただきます。電話・訪問による連絡・問合せには対応いたしかねます。<br>3.弊社は、お客様からの連絡・問合せに対して、各投稿フォーム内に記載されている方法に従い対応をさせていただくものとします。また、内容によっては個別の回答をいたしかねる場合があります。<br><br>第22条（サービス提供の終了）<br>1.弊社は、60日の予告期間をもってお客様に通知または告知の上、本サービス等の提供を終了するものとします。<br>2.前項の通知または告知は、弊社がお客様の登録Eメールアドレス宛に通知を発信したとき、または本サイト上に告知したときから起算して24時間のいずれか早い時点に効力を生ずるものとします。<br>3.前二項の定めに関わらず、弊社の責めによらない事由により本サービス等の提供が困難となった場合は、本サービスの終了後速やかに本サイト上において本サービス等の提供終了の理由を明らかにする事により、提供を終了することができるものとします。<br>4.弊社は、本サービス等提供の終了の際、本条の手続きを経ることにより、本サービス等の終了にともなうお客様からのいかなる請求からも免責されるものとします。<br><br>第23条（準拠法・裁判管轄）<br>1.本規約は、その成立、効力、解釈および履行を含め、すべて日本語で解釈され、また、日本国法令に規律されるものとし、本規約に定めのない事項は、著作権法、民法、商法その他の適用法令の定めに従うものとします。<br>2.本規約の一部が、消費者保護法令の強行規定部分および他の強行規定により効力を有しないとされる場合でも、その他の部分はこれに反しない最大限の範囲で効力を有するものとします。<br>3.本規約および本サービス等に関連するお客様と弊社との紛争については、日本国東京地方裁判所または東京簡易裁判所を第一審の専属的合意管轄裁判所とします。<br><br><br>2012年5月23日\u3000制定<br>2012年8月8日\u3000改定<br>2014年3月5日\u3000改定<br>"""
UseAgreement_Decide#1,"""Voorwaarden Accepteren"""
UseAgreement_Cancel#1,"""Oneens"""
UseAgreement_WebLink#1,"""Voorwaarden Bekijken"""
UseAgreementConfirm#1,"""Als je de voorwaarden niet accepteert,<br>Zul je het spel niet kunnen spelen.<br><br>Ben je het zeker?"""
UseAgreementURL#1,"""http://pso2.jp/players/support/rule/"""
LoginIdSelect_Sega#0,"""Log in SEGA ID"""
LoginVita#0,"""オンラインログイン"""
LoginIdSelect_UserInfo#0,"""Verander Gebruikers Informatie"""
LoginIdSelect_UserInfo_v#0,"""ユーザー情報変更(Webページへ)"""
LoginIdSelect_AR#0,"""キャラクターポートレート"""
LoginIdSelect_CharaCreate#0,"""Karakter Creatie"""
LoginIdSelect_Credit#0,"""Kredieten"""
LoginIdSelect_GameEnd#0,"""Verlaat Spel"""
LoginIdSelect_OnlineManual#0,"""Online Gebruiksaanwijzing"""
LoginIdSelect_ReturnTitle#0,"""Keer terug naar de titel"""
Title#0,"""Login Menu"""
TitleVita#0,"""Titel Menu"""
UserInfoURL#0,"""https://USER-INFO-CHANGE-URL"""
UserInfoURLVita#0,"""https://USER-INFO-CHANGE-URL"""
FirstPlay_Message#0,"""Welkom bij Phantasy Star Online 2！<br><br>In dit spel selecteer je een server die een \""Schip\"" genoemd word en registreer je, Je karakter.<br><br><yellow>■Voor nieuwe Spelers:<c><br>Gelieve te selecteren \""Start het spel voor de eerste keer\"".<br><br><yellow>■Voor mensen die uitgenodigd werden door het vriend systeem:<br><br>Gelieve het ship te selecteren waar je vriend in is<yellow>■Voor mensen die al spelen:<c><br>Gelieve het schip te selecteren waar je in speelt."""
Recommand_Message#0,"""Het spel zal starten van het begin<br><br>De karakters die vanaf nu gemaakt worden zullen geregistreerd worden op (server) genoemd:<br><br><yellow>$(0)<c><br><br>Van nu af aan, Zul je spelen op het geselecteerde schip.<br><br>※Voor mensen die uitgenodigd werden door het vriend systeem, Of die willen spelen op een andere server, Gelieve te kliken \""Terug\"" En selecteer een ander ship."""
Recommand_Title_Vita#0,"""『ファンタシースターオンライン2』へようこそ！"""
Recommand_Message_Vita#0,"""このゲームでは、<green>「シップ」<c>と呼ばれるサーバーの<br>いずれかを選び、キャラクターを作成します。<br>作成したキャラクターは、選択したシップでのみ<br>プレイすることが可能です。<br><br>初めてプレイされる方は<green>「$(0)」<c>を<br>選択すると、より快適にプレイして頂けます。<br><br><yellow>別のシップを希望する方や、<br>お友達招待システムで招待されている方は、<br>任意のシップを選択してください。<c><br><br><red>※シップが別のキャラクターとは交流できません。<br>\u3000シップ移動にはアークスキャッシュ(AC)が必要です。<c>"""
Recommand_Start#0,"""Start het spel"""
Recommand_Back#0,"""Keer Terug"""
LoginIdSelect_es#0,"""Verbinden met PSO2es"""
LoginIdSelect_es_Title#0,"""Verbinden van PSO2es en je karakters"""
LoginIdSelect_es_Message#0,"""『ＰＳＯ２ｅｓ』のキャラクターで『ＰＳＯ２』をプレイするには<br>『ＰＳＯ２ｅｓ』から連動処理を行う必要があります。<br><br>『ＰＳＯ２ｅｓ』ロビー画面の「ＰＳＯ２連動」メニューから<br>「今すぐ連動する」ボタンをタッチし<br>メニューの説明にしたがって、連動を完了してから<br>『ＰＳＯ２』にログインしてください。<br><br>\u3000<&URL pso2.jp_es_players_guide_beginners>"""
SegaID_URL#0,"""http://pso2.jp/ref/PC001/"""
LoginIdSelect_Sega#1,"""Log in met SEGA ID"""
LoginVita#1,"""ログインしてゲームを開始します"""
LoginIdSelect_UserInfo#1,"""Verander gebruikers informatie"""
LoginIdSelect_Credit#1,"""Speel de credits"""
LoginIdSelect_GameEnd#1,"""Sluit het spel"""
LoginIdSelect_es#1,"""『PSO2es』との連動について説明をします"""
ShipStatus_0#0,"""Ongekend"""
ShipStatus_1#0,"""Normaal"""
ShipStatus_2#0,"""Druk"""
ShipStatus_3#0,"""Vol"""
ShipStatus_4#0,"""Niet Verbonden"""
ShipStatus#0,"""Status"""
CharaMax#0,"""Karakter creatie is tijdelijk offline<br>Verboden op dit schip, Omdat het momenteel vol is."""
TitleEpochLag#0,"""Aankondiging"""
NotifyEpochLag#0,"""ご利用中の環境の時刻設定と<br>現在の日時に、大幅な差があります。<br><br>ゲーム内の各種機能や表示など<br>一部の動作に影響する恐れがあります。<br><br>時刻を正しくご設定いただいた後、<br>ゲームを再起動されることを<br>おすすめいたします。<br><br>[No.2305]"""
FormName#0,"""Voor authenticatie sleutel in."""
Message#0,"""Je moet een geldige authenticatie sleutel invoeren [Mail Authenticatie sleutel]<br>om te spelen. Gelieve de sleutel [Mail Authenticatie sleutel]<br>in te voeren<br>die geregistreerd is met je SEGA ID."""
Send#0,"""Bevestig"""
Reload#0,"""Verstuur Authenticatie Sleutel Opnieuw"""
Cancel#0,"""Keer Terug"""
Error#0,"""Authenticatie sleutel verstuurd naar<br>de email gebruikt tijdens<br>de registratie van dit SEGA ID."""
MessageVitaLink#0,"""ご利用中の SEGA ID との連携を<br>開始するには<br><br>メール認証キーの登録が必要です。"""
FormName#1,"""Eén keer paswoord authenticatie"""
Notice#0,"""Gelieve je één keer paswoord in te geven.<br><br>Het één keer paswoord kan alleen gebruikt worden nadat<br>het gegeven is voor <yellow>ongeveer 1 minut<c>.<br>Als teveel tijd is voorbijgegaan, gelieve te selecteren<br>\""Her verstuur\"".<br><br>Ook, als het passwoord incorrect word ingegeven <red>6<br>keren<c>, dan zal je account gesloten worden.<br>Voor meer informatie over hoe de account te<br>heropenen, Gelieve de speler site te bezoeken."""
Send#1,"""Bevestig"""
Cancel#1,"""Terug"""
FormName#2,"""Speler ID Naam Registratie"""
Notice#1,"""Een speler naam is gebruikt<br>in Phantasy Star Online 2 om <br>iedere speler te indentificieren.<br><br>Je naam zal <br><yellow>getoond worden aan andere spelers. <c><br><br>Je speler ID naam moet uniek zijn.<br><br><yellow>Je kan zowel 1-byte als 2-byte karakters gebruiken.<c>"""
Change_FormName#0,"""Speler ID naam verandering"""
Change_Notice#0,"""プレイヤーIDネームを変更します。<br><br>設定したプレイヤーIDネームは、<br><yellow>他のユーザーに公開されます。<c><br><br>他のプレイヤーと重複するプレイヤーIDネームは<br>設定できませんのでご注意ください。<br><br><yellow>プレイヤーIDネームの変更は<br>一度しかおこなえません。<c><br><br>半角文字だけでなく、<yellow>全角文字も使用できます。<c>"""
Send#2,"""Bevestig"""
Cancel#2,"""Keer Terug"""
Error1#0,"""Bevat of een iligaal symbool,<br>of een spatie of symbool voor of na <br>de naam."""
Error2#0,"""Speler ID bevat woorden of uitdrukkingen die<br>niet beschikbaar zijn voor spelers."""
Error3#0,"""Fout gebeurt tijdens <br>Speler ID naam registratie:<br>Je speler ID kan niet hetzelfde zijn als je gebruikers naam.<br>Gelieve een andere naam te kiezen.<br>Error code [2300]"""
Error4#0,"""Deze speler ID is al in gebruik<br>door andere spelers."""
NameError_Unchanged#0,"""プレイヤーIDネームに変更がなかったため<br>キャンセルしました。"""
MobileError1#0,"""<yellow>『ファンタシースターオンライン2 es』<c>で<br>作成されたキャラクターが連動されていないため、<br>プレイすることができません。<br><br><yellow>『ファンタシースターオンライン2 es』に戻って<br>キャラクター連動を行ってから<br>再度ログインしてください。<c><br><br>詳しくは『PSO2es』の<br>オンラインマニュアルをご確認ください。<br>以下のURLをクリック（決定）すると、<br>ブラウザーで開きます。<br><&URL pso2es_players_linkage>"""
MobileError1_v#0,"""<yellow>『ファンタシースターオンライン2 es』<c>で<br>作成されたキャラクターが連動されていないため、<br>プレイすることができません。<br><br><yellow>『ファンタシースターオンライン2 es』に戻って<br>キャラクター連動を行ってから<br>再度ログインしてください。<c><br><br>詳しくは『PSO2es』の<br>オンラインマニュアルをご確認ください。"""
MobileMessage1#0,"""<yellow>『ファンタシースターオンライン2 es』<c>からの<br>キャラクター連動に成功しました。"""
FormName#3,"""Speler ID naam bevestigen"""
Notice#2,"""以下のプレイヤーIDネームで登録します。<br>よろしいですか？<br><br><br><yellow>※登録後、ACを消費することにより<br>一度だけ変更することができます。<c>"""
Back#0,"""Keer Terug"""
Back_Help#0,"""Keer terug naar het speler invoer."""
Send#3,"""Registreer"""
Send_Help#0,"""Start verbinding met server."""
Notice_Change#0,"""以下のプレイヤーIDネームで再登録します。<br>よろしいですか？<br><br><br><yellow>※一度だけ再登録することができます。<c>"""
Success_Change#0,"""プレイヤーIDネームの変更に成功しました。"""
Failure_Change#0,"""プレイヤーIDネームの変更に失敗しました。"""
ErrorNoTicket#0,"""プレイヤーIDネームの変更権を所持していないため<br>名前を変更できませんでした。"""
ErrorName#0,"""このプレイヤーIDネームは使用できません。<br>別の名前を入力してください。"""
ErrorDone#0,"""プレイヤーIDネームの変更が停止されているため<br>名前を変更できませんでした。"""
ErrorUnchanged#0,"""プレイヤーIDネームに変更がなかったため<br>キャンセルしました。"""
ErrorOther#0,"""システムエラーが発生したため<br>名前を変更できませんでした。"""
Title#1,"""Login"""
TitleAndShip#0,"""Login\u3000（接続先：$(0)）"""
TitleFacebook#0,"""Facebook Login"""
Button_Ok#0,"""Login"""
Button_Cancel#0,"""Keer Terug"""
Button_Facebook#0,"""Facebook ID Login"""
Caption_IdName#0,"""SEGA ID"""
Caption_PassWord#0,"""Paswoord"""
Check_SaveAccount#0,"""Account Naam Opslaan"""
Check_SavePassWord#0,"""Paswoord Opslaan"""
ID_Help_Vita#0,"""“PlayStation Network”のアカウントと<br>SEGA IDの連携を行います。<br>登録したSEGA IDとパスワードを入力して下さい。"""
ID_Help_PS4#0,"""“PlayStation Network”のアカウントと<br>SEGA IDの連携を行います。<br>登録したSEGA IDとパスワードを入力して下さい。"""
ID_Success_Title#0,"""連携完了"""
ID_Success_Text#0,"""“PlayStation Network”のアカウントと<br>SEGA IDの連携が完了しました。"""
Button_SegaID#0,"""Haal Een SEGA ID"""
Title#2,"""Vriend Invitatie Systeem"""
Message#1,"""Als je Phantasy Star Online 2 start door het vriend uitnodiging's systeem, zullen jij en je vriend veel cadeaus krijgen als je door het spel gaat.<br><br>Als je was uitgenodigd door een vriend, Gelieve de speler ID van je vriend in te voeren.<br><br>ALs je selecteert '利用しない' dan zal je het spel starten zonder het vriend uitnodiging systeem te gebruiken."""
Regist#0,"""Bevestig"""
NotRegist#0,"""Niet Registreren"""
CanInvitedSystemErrorMessage#0,"""Een systeem fout is gebeurt. Gelieve opnieuw te proberen.<br><br>[No.2301]"""
InvitedNotExistErrorMessage#0,"""De karakter(s) van speler ID <yellow>$(0)<c> bestaan niet, Gelieve te controleren dat de speler ID en/of het Schip (server) correct is."""
InvitedSystemErrorMessage#0,"""Een systeem fout is gebeurt. Gelieve opnieuw te proberen.<br><br>[No.2301]"""
StartMenu_CharaSelect#0,"""Karakter Selectie"""
StartMenu_Regist#0,"""-"""
StartMenu_SupportMenu#0,"""サポートメニュー"""
StartMenu_InviteMenu#0,"""お友達招待システム"""
StartMenu_LoginHistory#0,"""ログイン履歴"""
StartMenu_Credit#0,"""クレジット"""
StartMenu_GameEnd#0,"""ゲーム終了"""
StartMenu_ReturnTitle#0,"""タイトルに戻る"""
StartMenu_Back#0,"""ログアウト"""
StartMenu_OnlineManualURL#0,"""http://pso2.jp/players/manual/"""
StartMenu_OnlineManualURLVita#0,"""http://pso2.jp/vita/players/manual/"""
StartMenu_InviteText#0,"""『ファンタシースターオンライン２』に<br>お友達を招待していただくと、<br>お友達がゲームを一定まで進めた時点で<br>おふたりにすてきなアイテムをプレゼントします！<br><br>招待者のプレイヤーID：\u3000<yellow>$(0)<c><br>招待者の接続シップ：\u3000<yellow>$(1)<c><br><br>こちらをメールなどに貼りつけて<br>招待したいお友達にお送りください。<br><br>クリップボードにコピーしますか？"""
StartMenu_InviteText_v#0,"""『ファンタシースターオンライン２』に<br>お友達を招待していただくと、<br>お友達がゲームを一定まで進めた時点で<br>おふたりにすてきなアイテムをプレゼントします！<br><br>招待者のプレイヤーID：\u3000<yellow>$(0)<c><br>招待者の接続シップ：\u3000<yellow>$(1)<c><br><br>自分の「プレイヤーID」と「接続シップ」を確認して<br>招待したいお友達に教えましょう。"""
StartMenu_ClipboardText#0,"""お友達招待システムを使って『ファンタシースターオンライン２』を始めると、あなたとお友達にすてきなアイテムをプレゼント！<br>登録時に下の内容をご入力ください。<br>お友達がいるシップ：$(1)<br>お友達のプレイヤーＩＤ：$(0)"""
StartMenu_CharaSelect#1,"""プレイするキャラクターを選択するか、<br>キャラクターを新規作成できます"""
StartMenu_Regist#1,"""-"""
StartMenu_SupportMenu#1,"""オプション設定など<br>各種設定ができます"""
StartMenu_InviteMenu#1,"""お友達をゲームに<br>招待することができます"""
StartMenu_LoginHistory#1,"""ログイン履歴を<br>見ることができます"""
StartMenu_Credit#1,"""クレジットを表示します"""
StartMenu_GameEnd#1,"""ゲームを終了します"""
StartMenu_ReturnTitle#1,"""タイトルに戻ります"""
SupportMenu_PcAccept#0,"""PC認証"""
SupportMenu_Configuration#0,"""オプション"""
SupportMenu_UserInfo#0,"""ユーザー情報変更"""
SupportMenu_UserInfo_v#0,"""ユーザー情報変更(Webページへ)"""
SupportMenu_SegaId#0,"""SEGA ID確認"""
SupportMenu_OnlineManual#0,"""オンラインマニュアル"""
SupportMenu_ChangeIDName#0,"""プレイヤーIDネーム変更<pict Arcscash>"""
SupportMenu_CordInput#0,"""-"""
Title#3,"""サポートメニュー"""
SegaIdForm_Title#0,"""SEGA ID確認"""
SegaIdForm_Message#0,"""あなたのSEGA IDは<br>$(0)<br>です。"""
Confirm_Title#0,"""ブラウザー起動確認"""
Confirm_Message#0,"""ブラウザーを起動し、Webページへ移動します。<br>ゲームは終了されますがよろしいですか？"""
ChargeTitle#0,"""ACチャージの確認"""
ChargeMessage#0,"""ACが不足しています。<br>ACをチャージしますか？"""
ChargeMessage_v#0,"""ACが不足しています。<br>ACをチャージしますか？<br><br><yellow>※ブラウザーを起動し、Webページへ移動します。<br>ゲームは終了してログアウトされます。<c>"""
TimeOutMessage#0,"""サーバーから応答がありませんでした。<br><br>[No.2302]"""
ErrorDone#1,"""すでに変更されています。<br>プレイヤーIDネームの変更は一度のみです。"""
ErrorOther#1,"""システムエラーが起こりました。<br>時間をおいて、再度お試しください。<br><br>[No.2301]"""
ErrorHas#0,"""既に「プレイヤーIDネーム変更権」を所持しているため、<br>購入する必要はありません。"""
BuyFailure#0,"""購入に失敗しました。"""
ShortageAC#0,"""ACが不足しているため、購入に失敗しました。"""
BuySuccess#0,"""購入に成功しました。"""
ConsumeCheck#0,"""<pict Arcscash><c ff4f3f>AC消費コンテンツ<c><br>プレイヤーIDネームを変更するには、<br>「プレイヤーIDネーム変更権」が必要です。<br><br>・プレイヤーIDネームの変更は、<br>\u30001つのアカウントにつき<yellow>一度のみ可能です。<c><br><br>・他のプレイヤーが<red>使用中<c>、または<red>使用済<c>の<br>\u3000名前には変更できません。（この時、購入した<br>\u3000プレイヤーIDネーム変更権は消費されません）<br><yellow>\u3000「使用ネーム確認」を行ってからの購入を<br>\u3000おすすめします。<c><br><br>$(0)ACで「プレイヤーIDネーム変更権」を<br>購入しますか？<br><br><yellow>所持AC：$(1)<c>"""
PlayerIDNameConfirm#0,"""使用ネーム確認"""
PlayerIDNameConfirmMessage1#0,"""・使用したいプレイヤーIDネームを入力して<br>\u3000使用確認ボタンを押してください。<br>\u3000※プレイヤーIDネーム使用確認ではAC、ならびに<br>\u3000「プレイヤーIDネーム変更権」は消費しません。<br><br>半角文字だけでなく、<yellow>全角文字も使用できます。<c>"""
PlayerIDNameConfirmButton#0,"""使用可能か確認"""
PlayerIDNameConfirmMessage2#0,"""・このプレイヤーIDネームは使用可能です。<br>\u3000「プレイヤーIDネーム変更権」を使用して<br>\u3000本登録をしてください。<br><br>・プレイヤーIDネームはまだ登録していません。<br>\u3000本登録の手続き中に他プレイヤーに登録された場合は<br>\u3000同じプレイヤーIDネームは使用できなくなります。"""
PlayerIDNameConfirmMessage3#0,"""・このプレイヤーIDネームは使用できません。<br>\u3000別の名前を入力してください。<br>"""
PlayerIDNameConfirmMessage4#0,"""・プレイヤーIDネームの変更が停止されているため<br>\u3000名前を変更できません。<br>"""
PlayerIDNameConfirmMessage5#0,"""・システムエラーが起こりました。<br>\u3000時間をおいて、再度お試しください。<br>"""
SupportMenu_PcAccept#1,"""PC認証のON/OFFや登録情報を変更します"""
SupportMenu_Configuration#1,"""グラフィックやサウンド設定などを変更します"""
SupportMenu_UserInfo#1,"""お客様の登録情報を変更します"""
SupportMenu_SegaId#1,"""お客様のSEGA IDを確認します"""
SupportMenu_OnlineManual#1,"""オンラインマニュアルを表示します"""
SupportMenu_ChangeIDName#1,"""プレイヤーIDネームを変更します"""
SupportMenu_CordInput#1,"""-"""
CharaSelectMenu_Decide#0,"""ゲーム開始"""
CharaSelectMenu_EpisodeItem1#0,"""EP１～３"""
CharaSelectMenu_EpisodeItem2#0,"""EP4"""
CharaSelectMenu_DecideItem#0,"""ゲーム開始（$(0)）"""
CharaSelectMenu_Create#0,"""新規作成"""
CharaSelectMenu_Delete#0,"""キャラクターの削除"""
CharaSelectMenu_Setting#0,"""各種手続き"""
CharaSelectMenu_Send#0,"""決定"""
CharaSelectMenu_Cancel#0,"""キャンセル"""
CharaSelectMenu_Back#0,"""戻る"""
CharaSelectMenu_Transport#0,"""キャラクターの即時シップ移動<pict Arcscash>"""
CharaSelectMenu_Transport_Delay#0,"""キャラクターの定期メンテナンス時シップ移動申請<pict Arcscash>"""
CharaSelectMenu_Transport_Delay_Please_Wait_Or_Cancel#0,"""定期メンテナンス時移動申請の取り下げ<yellow>($(0)に移動申請中)<c>"""
CharaSelectMenu_ChangeName#0,"""キャラクター名変更<pict Arcscash>"""
CharaSelectMenu_DeleteRequest#0,"""<yellow>キャラクター削除申請中<c>"""
CharaSelectMenu_DeleteConfirm#0,"""<yellow>【キャラクターの削除に関するご注意】<c><br><br>・本操作を行うことでキャラクター削除申請を行います。<br>\u3000削除申請から24時間が経過した後、<br>\u3000申請したキャラクターがいたシップにログインすることで、<br>\u3000キャラクター削除が行なわれます。<br>\u300024時間が経過するまでであれば<yellow>削除申請キャンセル<c>が可能で<br>\u3000待機時間がリセットされ、削除申請を取り下げることができます。 <br><br>\u3000<yellow>※定期、臨時メンテナンス中は削除申請の<br>\u3000\u3000\u3000キャンセルが行えませんので、ご注意ください。<c><br><br>・キャラクターを削除しても、「キャラクター作成権」は戻りません。<br>\u3000削除後に新規作成するには、再度「キャラクター作成権」を<br>\u3000ACでご購入頂く必要がありますので、ご注意ください。<br>\u30003体までのキャラクター作成においては<br>\u3000「キャラクター作成権」は必要ありません。<br><br>・そのキャラクターとサポートパートナーの<br>\u3000<yellow>所持品<c>（ACでご購入頂いた未使用のアイテムを含む）や、<br>\u3000ACでご購入頂いた<yellow>キャラクター依存の拡張機能<c>は、失われます。<br>\u3000<br>・「キャラクターの定期メンテナンス時シップ移動申請」は、<br>\u3000キャラクター削除申請を行うと取り下げられます。<br><br><yellow>キャラクター削除申請を行う場合は、キーボードの<br>[Ctrl]キーを押しながら、「はい」ボタンを押してください。<c>"""
CharaSelectMenu_DeleteConfirm_v#0,"""<yellow>【キャラクターの削除に関するご注意】<c><br>・本操作を行うことでキャラクター削除申請を行います。<br>\u3000削除申請から24時間が経過した後、<br>\u3000申請したキャラクターがいたシップにログインすることで、<br>\u3000キャラクター削除が行なわれます。<br>\u300024時間が経過するまでであれば<yellow>削除申請キャンセル<c>が可能で<br>\u3000待機時間がリセットされ、削除申請を取り下げることができます。 <br><br>\u3000<yellow>※定期、臨時メンテナンス中は削除申請の<br>\u3000\u3000\u3000キャンセルが行えませんので、ご注意ください。<c><br><br>・キャラクターを削除しても、「キャラクター作成権」は戻りません。<br>\u3000削除後に新規作成するには、再度「キャラクター作成権」を<br>\u3000ACでご購入頂く必要がありますので、ご注意ください。<br>\u30003体までのキャラクター作成においては<br>\u3000「キャラクター作成権」は必要ありません。<br><br>・そのキャラクターとサポートパートナーの<br>\u3000<yellow>所持品<c>（ACでご購入頂いた未使用のアイテムを含む）や、<br>\u3000ACでご購入頂いた<yellow>キャラクター依存の拡張機能<c>は、失われます。<br><br>・「キャラクターの定期メンテナンス時シップ移動申請」は、<br>\u3000キャラクター削除申請を行うと取り下げられます。<br><br><yellow>キャラクター削除申請を行う場合は、<c><br><%TabBack><%TabForward><yellow>ボタンを同時に押しながら、「はい」を選択してください。<c>"""
CharaSelectMenu_Empty#0,"""キャラクターの新規作成"""
CharaSelectItem_Name#0,"""キャラクター名"""
CharaSelectItem_Class#0,"""クラス"""
CharaSelectItem_PlayTime#0,"""プレイ時間"""
CharaSelectItem_PlayLimit#0,"""-"""
CharaSelectItem_Transport_Delay_Please_Wait#0,"""<yellow>シップ移動申請中<c>"""
CharaDeleteTitle#0,"""キャラクターの削除確認"""
CharaSelectItem_MobileText_Vita#0,"""『PSO2es』連動キャラクター"""
CharaSelectItem_MobileText#0,"""『ファンタシースターオンライン2 es』<br>連動キャラクター"""
CharaDeleteTime#0,"""削除完了時間"""
CharaDeleteCancelTitle#0,"""キャラクター削除申請キャンセル"""
CharaSelectMenu_DeleteCancel#0,"""<yellow>【キャラクター削除申請をキャンセル】<c><br><br>・キャラクター削除申請をキャンセルすると<br>\u3000削除完了までの待機時間がリセットされ、<br>\u3000削除申請を取り下げることができます。<br><br><red>削除完了時間：$(0)<c><br><br><yellow>キャラクター削除申請をキャンセルする場合は、<br>キーボードの[Ctrl]キーを押しながら、<br>「はい」ボタンを押してください。<c>"""
CharaSelectMenu_DeleteCancel_v#0,"""<yellow>【キャラクター削除申請をキャンセル】<c><br>・キャラクター削除申請をキャンセルすると<br>\u3000削除完了までの待機時間がリセットされ、<br>\u3000削除申請を取り下げることが出来ます。<br><br><red>削除完了時間：$(0)<c><br><br><yellow>キャラクター削除申請をキャンセルする場合は、<c><br><%TabBack><%TabForward><yellow>ボタンを同時に押しながら、「はい」を選択してください。<c>"""
CharaSelectMenu_DeleteCancel_f#0,"""キャラクター削除申請のキャンセルに失敗しました。<br><br>キャラクター削除が完了しています。"""
CharaSelec_ShipName#0,"""シップ名"""
CharaSelec_Num#0,"""キャラ数"""
CharaSelec_NotCharacter#0,"""【\u3000作成したキャラクターがいない場合は？\u3000】"""
CharaSelec_LoginIn#0,"""現在ログイン中"""
CharaCheck_Num#0,"""$(0)人"""
CharaCheck_Message#0,"""以下のリストで、<br>「キャラ数」が1人以上のシップに<br>あなたが作成したキャラクターがいます。<br><br>別のシップを選びたい場合は、<br>次の画面で<yellow>「ログアウト」<c>ボタンを選択し<br>シップを選びなおしてください。"""
CharaCheck_Message_VITA#0,"""以下のリストで、<br>「キャラ数」が1人以上のシップに<br>あなたが作成したキャラクターがいます。<br><br>別のシップを選びたい場合は、<br>次の画面で<yellow>「タイトルに戻る」<c>を選択し<br>シップを選びなおしてください。"""
CharaCheck_NoShipInfo#0,"""シップ情報がありません"""
CharaSelectMenu_Decide#1,"""このキャラクターでゲームをプレイします"""
CharaSelectMenu_Create#1,"""新しくキャラクターを作成します"""
CharaSelectMenu_Delete#1,"""このキャラクターを削除します"""
CharaSelectMenu_Cancel#1,"""前のメニューに戻ります"""
CharaSelectMenu_ChangeName#1,"""キャラクター名を変更します"""
CharaNumMax#0,"""キャラクター作成数が上限に達しています。<br>新しくキャラクターを作成したい場合は<br>既存のキャラクターを削除してください。"""
SystemError#0,"""システムエラーです。<br>時間をおいて、再度お試しください。<br><br>[No.2301]"""
ShipMaxError#0,"""現在このシップは、混雑のため<br>新規登録を停止しています。<br><br>他のシップのご利用をお願いします。"""
ConsumeCheck#1,"""<pict Arcscash><c ff4f3f>AC消費コンテンツ<c><br>キャラクターを追加で作成するには、<br>「キャラクター作成権」が必要です。<br><br><yellow>・キャラクターは「シップ」単位で保存されます。<c><br><br>・作成したキャラクターでプレイするには、<br>\u3000次回も同じシップにログインしてください。<br><br>$(0)ACで「キャラクター作成権」を購入しますか？<br><br><yellow>所持AC：$(1)<c><br><yellow>作成可能数：あと $(2)体<c> （全シップ合計20体まで）"""
ChangeNameConfirm#0,"""<pict Arcscash><c ff4f3f>AC消費コンテンツ<c><br>キャラクター名を変更するには、<br>「キャラクター名変更権」が必要です。<br><br><yellow>・キャラクター名の変更は<br>一度おこなうと $(0)日間 おこなうことができません。<c><br><br><yellow>・購入した変更権は、変更を確定する前であれば<br>変更権を購入したキャラクター以外でも<br>使用可能です。<c><br><br>$(1)ACで 「キャラクター名変更権」を<br>購入しますか？<br><br><yellow>所持AC：$(2)<c>"""
ChargeTitle#1,"""ACチャージの確認"""
ChargeMessage#1,"""ACが不足しています。<br>ACをチャージしますか？"""
ChargeMessage_v#1,"""ACが不足しています。<br>ACをチャージしますか？<br><br><yellow>※ブラウザーを起動し、Webページへ移動します。<br>ゲームは終了してログアウトされます。<c>"""
TimeOutMessage#1,"""サーバーから応答がありませんでした。<br><br>[No.2302]"""
ShortageAC#1,"""ACが不足しているため、購入に失敗しました。"""
ErrorTime1#0,"""前回キャラクター名を変更してから<br>$(0)日間経過していないため、<br>キャラクター名変更権を購入できませんでした。"""
ErrorTime2#0,"""前回キャラクター名を変更してから<br>$(0)日間経過していないため、<br>キャラクター名変更権を購入できませんでした。<br><br>再変更までの残り時間：$(1)"""
BuySuccess#1,"""購入に成功しました。"""
ErrorDone#2,"""キャラクター名の変更が停止されているため、<br>購入に失敗しました。"""
ErrorOther#2,"""システムエラーが起こりました。<br>時間をおいて、再度お試しください。<br><br>[No.2301]"""
ErrorHas#1,"""既に「キャラクター名変更権」を所持しているため、<br>購入する必要はありません。"""
BuyFailure#1,"""購入に失敗しました。"""
InfoCaptionPossible#0,"""作成可能数"""
InfoCaptionAc#0,"""所持ＡＣ"""
InfoCaptionMax#0,"""総キャラクター数"""
PlayTime_Day#0,"""$(0)日$(1)時間$(2)分$(3)秒"""
PlayTime#0,"""$(0)時間$(1)分$(2)秒"""
MobileWrongShip#0,"""<yellow>『ファンタシースターオンライン2 es』<c>から<br>連動したキャラクターは<br>以下のシップに登録されています。<br><br>\u3000<yellow>・$(0)<c><br><br><yellow>連動したキャラクターを選択したい場合は<br>「閉じる」ボタンからシップ選択まで戻って<br>再度ログインしてください。<c>"""
NameError_Include#0,"""キャラクター名に使用できない<br>記号が含まれているか、<br>キャラクター名の前後に<br>半角または全角スペース記号が含まれています。"""
NameError_NGword#0,"""キャラクター名に<br>使用できない語句が含まれています。"""
NameError_Unchanged#1,"""キャラクター名に変更がなかったため<br>キャンセルしました。"""
FormName#4,"""キャラクター名確認"""
Notice_Change#1,"""キャラクター名を<br>$(0)<br>に変更します。よろしいですか？<br><br><yellow>・キャラクター名の変更は<br>一度おこなうと$(1)日間おこなうことができません。<c><br><br><yellow>・購入した変更権は、変更を確定する前であれば<br>変更権を購入したキャラクター以外でも<br>使用可能です。<c><br><br><yellow>・購入した変更権は、キャラクター名の変更を<br>確定した際に、一回につき一つ使用されます。<br>複数のキャラクター名を変更する場合、<br>キャラクター人数分の変更権の購入が必要となります。<c>"""
Success_Change#1,"""キャラクター名の変更に成功しました。"""
Failure_Change#1,"""キャラクター名の変更に失敗しました。"""
ErrorNoTicket#1,"""キャラクター名の変更権を所持していないため<br>名前を変更できませんでした。"""
ErrorName#1,"""このキャラクター名は使用できません。<br>別の名前を入力してください。"""
ErrorDone#3,"""キャラクター名の変更が停止されているため<br>名前を変更できませんでした。"""
ErrorTime#0,"""前回キャラクター名を変更してから<br>一定の期間が経過していないため、<br>名前を変更できませんでした。"""
ErrorUnchanged#1,"""キャラクター名に変更がなかったため<br>キャンセルしました。"""
ErrorOther#3,"""システムエラーが発生したため<br>名前を変更できませんでした。"""
ParamError#0,"""キャラクター情報の問題のため、<br>新規作成に失敗しました。<br><br>[No.2303]"""
CharaNumMax#1,"""キャラクター作成数が上限に達しています。<br>新しくキャラクターを作成したい場合は<br>既存のキャラクターを削除してください。"""
SystemError#1,"""システムエラーです。<br>時間をおいて、再度お試しください。<br><br>[No.2304]"""
ConsumeCheck#2,"""<pict Arcscash><c ff4f3f>AC消費コンテンツ<c><br>キャラクターの新規作成には、<br>$(0)AC必要です。購入しますか？"""
ShortageAC#2,"""ACが不足しているため、作成に失敗しました。"""
Menu_1#0,"""動作検証"""
Menu_2#0,"""キャラクタークリエイト"""
Menu_3#0,"""オプション"""
Menu_4#0,"""ゲーム終了"""
Spec#0,"""ＯＳ：$(0)<br>ＣＰＵ：$(1)<br>Ｍｅｍｏｒｙ：$(2)<br>ＧＰＵ：$(3)<br>グラフィックドライバーバージョン：$(4)"""
Level1#0,"""ＰＣの買い換えをおすすめします。<br>レベル１でも厳しいです。"""
Level2#0,"""低解像度ならなんとか。<br>レベル１なら動作します。"""
Level3#0,"""一人ならなんとか。パーティーは厳しい。<br>レベル２なら動作します。"""
Level4#0,"""パーティープレイも問題なし。<br>１２人は厳しいかも。<br>レベル２なら動作します。"""
Level5#0,"""問題無く遊べる。設定次第で快適に。<br>レベル３で動作します。"""
Level6#0,"""問題無く遊べる。<br>レベル３で動作します。"""
Level7#0,"""問題無く遊べる。解像度を上げても良いかも。<br>レベル４で動作します。"""
Level8#0,"""高解像度でも問題ありません。<br>レベル５で問題ありません。"""
YesText#0,"""はい"""
NoText#0,"""いいえ"""
CloseText#0,"""閉じる"""
OpenText#0,"""開く"""
MaxText#0,"""最大化"""
MinText#0,"""最小化"""
Sort#0,"""ソート"""
Fun#0,"""$(0)FUNを獲得しました。"""
Error_Time#0,"""前回のシップ移動から$(0)時間未満のため<br>シップ移動することはできません。"""
Error_Leader#0,"""チームマスターは<br>シップ移動することはできません。"""
Error_Param#0,"""パラメーターが不正です。<br>シップ移動を終了します。"""
Error_System#0,"""シップ移動することができませんでした。<br>しばらく時間をおいて、再度お試しください。"""
Error_Ban#0,"""アクセス制限状態にあるため<br>シップ移動することはできません。"""
Error_NoMoney#0,"""ACが不足しています。<br>「即時シップ移動権」を購入することはできません。"""
Error_NoTicket#0,"""「即時シップ移動権」がないため<br>シップ移動することはできません。"""
SelectTitle#0,"""移動先シップ選択"""
SelectMessage#0,"""移動先のシップを選んでください。<br>※右列に現在の混雑状況を表示しています。<br>※稼働していないシップは表示されません。"""
SelectDisable#0,"""現在このキャラクターが存在するシップです。<br>移動先に選択することはできません。"""
Error_CraftOrder#0,"""シップ移動を行う場合、<br>クラフトの看板設定の登録解除および<br>発注・依頼リストのクラフトを完了する必要があります。<br><br>以下の設定を確認してください。<br><br>・看板設定<br>マイルーム端末のクラフトメニューから<br>設定中のクラフトレシピを解除してください。<br><br>・発注されたクラフトレシピ<br>マイルーム端末のクラフトメニューから<br>未完了の依頼を完了またはキャンセルしてください。<br><br>・依頼中のクラフトレシピ<br>ビジフォンのクラフト情報から<br>依頼中の発注書をキャンセルしてください。"""
ConfirmTitle#0,"""即時シップ移動確認"""
ConfirmMessage#0,"""購入済みの「即時シップ移動権」を消費して<br>別のシップに移動します。<br>よろしいですか？<br><br>※シップの再移動には、$(0)時間必要です。"""
ComfirmBuyMessage#0,"""<pict Arcscash><c ff4f3f>AC消費コンテンツ<c><br>キャラクターを別のシップに移動するには、<br>「即時シップ移動権」が必要です。<br><br>・移動先には、このキャラクターの所持品などを<br>\u3000持って行けます。シップ自体に保存されている<br>\u3000倉庫内アイテム、フレンドリスト、メールなどは<br>\u3000移動前のシップに残されたままになります。<br>・「定期メンテナンス時シップ移動申請」を行っ<br>  ている場合、即時シップ移動の実行とともにキ<br>  ャンセルされます。<br>\u3000<yellow>詳しくは、プレイヤーズサイトをご確認ください。<c><br><br>即時シップ移動の再利用には、$(2)時間必要です。<br><br>$(0)ACで「即時シップ移動権」を購入しますか？<br><br><yellow>所持AC：$(1)<c>"""
Wait#0,"""シップ移動中・・・<br><br>しばらくお待ちください。"""
FinishTitle#0,"""シップ移動完了"""
FinishMessage#0,"""シップ移動が完了しました。<br>タイトル画面へ戻ります。"""
RegularConfirmTitle#0,"""定期メンテナンス時シップ移動"""
RegularConfirmMessage#0,"""<pict Arcscash><c ff4f3f>AC消費コンテンツ<c><br>「定期メンテナンス時シップ移動申請」を行います。<br>シップ移動は、定期メンテナンス時に行なわれます。<br>シップ移動が実行された際$(1)AC消費されます。<br><br>・移動先には、このキャラクターの所持品などを<br>\u3000持って行けます。シップ自体に保存されている<br>\u3000倉庫内アイテム、フレンドリスト、メールなどは<br>\u3000移動前のシップに残されたままになります。<br>\u3000<yellow>詳しくは、プレイヤーズサイトをご確認ください。<c><br><br>移動先のシップ：<yellow>$(2)<c>へ<br>「定期メンテナンス時シップ移動申請」を行いますか？<br><br><yellow>所持AC：$(0)<c>"""
RegularWait#0,"""定期メンテナンス時シップ移動申請中・・・<br><br>しばらくお待ちください。"""
RegularFinishTitle#0,"""定期メンテナンス時シップ移動"""
RegularFinishMessage#0,"""定期メンテナンス時シップ移動申請を行いました。<br><br><yellow>※申請多数の場合や運営上の都合により、<br>\u3000シップ移動が次週以降に順延される場合があります。<c><br><br>移動が行なわれる際、所持ACが$(0)未満の<br>場合には申請がキャンセルされますので、<br>ご注意ください。<br>タイトル画面へ戻ります。"""
RequestNum1#0,"""<green>少ない<c>"""
RequestNum2#0,"""<green>普通<c>"""
RequestNum3#0,"""<red>多い<c>"""
RequestNum4#0,"""<red>非常に多い<c>"""
CancelRegularConfirmTitle#0,"""定期メンテナンス時シップ移動"""
CancelRegularConfirmMessage#0,"""現在 <yellow>$(0)<c> への<br>移動を申請しています。<br><br>定期メンテナンス時シップ移動<br>の申請を取り下げます。<br>よろしいですか？"""
CancelRegularWait#0,"""定期メンテナンス時シップ移動申請取り下げ中・・・<br><br>しばらくお待ちください。"""
CancelRegularFinishTitle#0,"""定期メンテナンス時シップ移動"""
CancelRegularFinishMessage#0,"""定期メンテナンス時シップ移動申請を<br>取り下げました。<br>タイトル画面へ戻ります。"""
Enquete_Title#0,"""簡単アンケート"""
Enquete_mes01#0,"""一定期間ログインしていなかった方へ質問です。<br>\u3000再び「PSO2」をプレイしようと思ったきっかけを<br>\u3000教えてください。"""
Enquete_Answer00#0,"""■下の選択肢から近い回答を選んでください。"""
Enquete_Answer01#0,"""1. 『PSO2』公式Twitterの情報"""
Enquete_Answer02#0,"""2. 「PSO2 STATION!」などの公式Web番組"""
Enquete_Answer03#0,"""3. 一般ユーザーの動画やライブ放送"""
Enquete_Answer04#0,"""4. ゲーム系情報サイトの記事"""
Enquete_Answer05#0,"""5. 各種PCのWebサイトのバナー広告"""
Enquete_Answer06#0,"""6. スマートフォンのバナー広告"""
Enquete_Answer07#0,"""7. \""PlayStation®Store\""の情報"""
Enquete_Answer08#0,"""8. 雑誌の記事や広告"""
Enquete_Answer09#0,"""9. TVCMや動画広告（YouTube等）"""
Enquete_Answer10#0,"""10.その他"""
Enquete_Thanks_Title#0,"""簡単アンケート"""
Enquete_Thanks_mes#0,"""ご回答ありがとうございます。<br>お礼に10SGを付与しました。<br><br>引き続き『PSO2』をお楽しみください。"""
