Title#0,"""Настройки"""
MenuTreeBasic#0,"""Основные настройки"""
MenuTreeDirection#0,"""Настройки направления"""
MenuTreeDraw#0,"""Настройки видео"""
MenuTreeSound#0,"""Настройки звука"""
MenuTreeControl#0,"""Настройки управления"""
MenuTreeCommunication#0,"""Связь"""
MenuTreeSystem#0,"""Система"""
MenuButtonBasic#0,"""Основные настройки"""
MenuButtonNotice#0,"""Настройки уведомлений"""
MenuButtonCamera#0,"""Настройки камеры"""
MenuButtonCamera_v#0,"""Настройки камеры игры"""
MenuButtonShoot#0,"""Настройки скриншота"""
MenuButtonChat#0,"""Макросы"""
MenuButtonDirection#0,"""Настройки направления"""
MenuButtonDrawFunction#0,"""Настройки эффектов"""
MenuButtonDrawShadow#0,"""Настройки тени"""
MenuButtonDrawDisplay#0,"""Настройки дисплея"""
MenuButtonSound#0,"""Настройки звука"""
MenuButtonOperationType#0,"""Используемое оборудование"""
MenuButtonActionType#0,"""Выбор типа управления"""
MenuButtonSndVolume#0,"""Громкость"""
MenuButtonSndPlay#0,"""Настройки воспроизведения"""
MenuButtonCtrl#0,"""Настройки управления"""
MenuButtonCtrlKeybord#0,"""Настройки клавиатуры"""
MenuButtonCtrlMouse#0,"""Настройки мыши"""
MenuButtonCtrlAnnounce#0,"""Настройки дисплея"""
MenuButtonCtrlPadBehavior#0,"""Быстрая настройка геймпада"""
MenuButtonCtrlPadCtrl#0,"""Настройки геймпада"""
MenuButtonCommunication#0,"""Параметры связи"""
MenuButtonWindow#0,"""Настройки окон"""
MenuButtonEsthetic#0,"""Настройки редактора персонажей"""
MenuButtonRideroid#0,"""Настройки райд-роида"""
MenuButtonSystem#0,"""Система"""
MenuButtonReset#0,"""Сбросить все"""
MenuButtonExit#0,"""Отменить и выйти"""
MenuButtonExitWithSave#0,"""Сохранить и выйти"""
ConfirmTitleInit#0,"""Сбросить настройки"""
ConfirmMessageInit#0,"""Это приведёт к сбросу всех настроек.<br>Вы уверены?"""
ConfirmTitle#0,"""Подтвердите выход"""
ConfirmMessageApply#0,"""Вы уверены, что хотите сохранить эти настройки?"""
ConfirmMessageDisapply#0,"""Вы уверены, что хотите отменить изменения?"""
ConfirmButtonApply#0,"""Выйти и сохранить"""
ConfirmButtonDisapply#0,"""Выйти и отменить"""
ConfirmButtonCancel#0,"""Вернуться к настройкам"""
BasicTextRadarMapDirection#0,"""Поворот карты"""
BasicTextMoviePlay#0,"""Воспроизведение видео"""
BasicTextSmutFilter#0,"""Фильтр текста"""
BasicTextLockon#0,"""Настройка авто-прицеливания"""
BasicTextPaletteChange#0,"""Настройка смены палитры"""
BasicTextKeyMoveEscape#0,"""Настройки уклонения с помощью клавиатуры"""
BasicTextFeaturedEvents#0,"""Фокусировка камеры в событиях"""
BasicTextMesetaAuto#0,"""Автоматический сбор месет"""
BasicTextCharacterColor#0,"""Настройки имён игроков другой группы"""
BasicTextAttackProperty#0,"""Окраска шкалы HP по типу урона"""
BasicTextAutoPartyName#0,"""Настройки имени авто-группы"""
BasicTextBeginner#0,"""Стандартный блок для Уровня 20 и ниже"""
BasicTextSubActionPalletName#0,"""Отображать выбранный объект на под-палитре"""
BasicTextRareDrop#0,"""Настройка оповещения о выпадении редкого предмета"""
BasicTextRareautoget#0,"""Настройка авто-сбора редких предметов"""
BasicTextWarehouseCursor#0,"""Настройка положения курсора на складе"""
BasicTextPetStatus#0,"""Настройки дисплея параметров питомцев"""
BasicTextEtrialMap#0,"""Изменить радар-карту для срочных испытаний"""
VitaCtrlTextSwapLR#0,"""Поменять местами L и R (недоступно для своего управления)"""
VitaCtrlTextSwapStartSelect#0,"""Поменять местами START и SELECT (недоступно для своего управления)"""
VitaCtrlTextNormalCtrlType#0,"""Характер действия кнопок"""
VitaCtrlTextShoulderCtrlType#0,"""Характер действия триггеров"""
VitaCtrlTextSavePartySetting#0,"""Сохранить настройки группы"""
VitaCtrlTextLockonChange#0,"""Переключать фиксацию цели правым стиком"""
VitaCtrlTextNavi#0,"""Отображение маркеров карты"""
BasicHintRadarMapDirection#0,"""Радар будет вращаться вслед<br>за направлением камеры."""
BasicHintMoviePlay#0,"""Включить или выключить воспроизведение видео<br>в игре (например, мониторы в Лобби ARKS). <br>※Необходим перезапуск."""
BasicHintSmutFilter#0,"""Отключает отображение матерных слов в игре."""
BasicHintLockon#0,"""Определяет характер работы фиксации цели. <br>Определяет необходимость для фиксации цели<br>нажатия кнопки один раз, или её удерживания."""
BasicHintPaletteChange#0,"""Определяет переключение палитры<br><br>Переключение только при удержании кнопки."""
BasicHintKeyMoveEscape#0,"""Вы можете задать интервал нажатий для уклонения<br>при использовании клавиш передвижения ([W]/[A]/[S]/[D]) на клавиатуре."""
BasicHintSavePartySetting#0,"""Сохранять настройки группы ,<br>что даже после смены аккаунта или блока<br>настройки группы будут сохранены до выхода из игры."""
BasicHintLockonChange#0,"""Определяет, будет ли меняться фиксированная цель при использовании правого стика."""
BasicHintNavi#0,"""Вы можете выбрать показать или нет отметку Пути ARKS,<br>указывающую на следующую цель."""
BasicHintEvent#0,"""Определяет привлекать ваше внимание к событиям, заставляя вас удерживать <%Access> или нет."""
BasicHintMeseta#0,"""Определяет поднимать автоматически или нет месету поблизости."""
BasicHintColor#0,"""Определяет показывать имена персонажей из других групп темно-синим или белым."""
BasicHintAttackProperty#0,"""Определяет разделять или нет полученный урон от ударов, выстрелов и техник на шкале HP."""
BasicHintAutoPartyName#0,"""Устанавливать стандартное название группы <br>(если название группы не установлено)."""
BasicHintBeginner#0,"""При входе персонажем уровня менее 20,<br>определяет начинать ли в начальных блоках."""
BasicHintSubActionPalletName#0,"""Определяет отображение выбранного объекта на под-палитре."""
BasicHintRareDrop#0,"""Определяет уровень редкости, при котором оповещения<br>о редком дропе будут появляться."""
BasicHintautoget#0,"""Когда выпадает предмет 13★ или более<br>высокой редкости, он будет автоматически перемещён<br>в ваш инвентарь чтобы вы о нём не забыли."""
BasicHintWarehouseCursor#0,"""Определяет начальное положение курсора меню выбора склада."""
BasicHintPetStatus#0,"""Настроить внешний вид HP бара и иконки статуса."""
BasicHintEtrialMap#0,"""Когда радар-карта увеличена,<br>вы можете изменить настройки временного увеличения,<br> происходящего во время срочного задания."""
NoticeTextParty#0,"""При приглашении в группу"""
NoticeTextFriend#0,"""При получении запроса в друзья"""
NoticeTextGuild#0,"""При получении приглашения в команду"""
NoticeTextTrade#0,"""При получении запроса на обмен"""
NoticeTextLogItem#0,"""Запись поднимаемых предметов"""
NoticeTextPopUpMessage#0,"""Настройки уведомлений"""
NoticeTextRecommended#0,"""При принятии рекомендованного квеста"""
NoticeTextPremium#0,"""Уведомление об истечении премиума"""
NoticeTextRareItem#0,"""Сбор редких предметов членом группы"""
NoticeTextMltPtMatching#0,"""パーティーのクエスト受注確認の表示"""
NoticeHintParty#0,"""Включить или отключить окно <br>получения приглашения в группу."""
NoticeHintFriend#0,"""Включить или отключить окно <br>получения запроса на добавление в друзья."""
NoticeHintGuild#0,"""Включить или отключить окно <br>получения приглашения в команду."""
NoticeHintTrade#0,"""Включить или отключить окно <br>получения запроса на обмен."""
NoticeHintLogItem#0,"""Определяет получение уведомлений<br>о получении предметов."""
NoticeHintPopUpMessage#0,"""Определяет количество получаемых уведомлений, их<br>одно или несколько."""
NoticeHintRecommended#0,"""Отображать при принятии Рекомендованного квеста<br>окно с рекомендованными для него заказами."""
NoticeHintRareItem#0,"""Настройка влияющая на отображение уведомления,<br>когда член группы подбирает редкий предмет."""
NoticeHintPremium#0,"""Если премиум истечёт в течение 7 дней,<br>то вас уведомит об этом при входе в игру."""
NoticeHintMltPtMatching#0,"""パーティーリーダーがマルチパーティーマッチングの<br>対象クエストを受注した時、受注確認のウィンドウを<br>表示するかを設定します。"""
CameraTextSpeedX#0,"""Горизонтальная скорость вращения"""
CameraTextSpeedY#0,"""Вертикальная скорость вращения"""
CameraTextRotateX#0,"""Горизонтальное вращение камеры"""
CameraTextRotateY#0,"""Вертикальное вращение камеры"""
CameraTextSpeedX_v#0,"""Горизонтальная скорость вращения камеры в игре"""
CameraTextSpeedY_v#0,"""Вертикальная скорость вращения камеры в игре"""
CameraTextRotateX_v#0,"""Горизонтальное вращение камеры"""
CameraTextRotateY_v#0,"""Вертикальное вращение камеры"""
CameraTextMouseOperate#0,"""Приоритет управления камерой"""
CameraHintSpeedX#0,"""Установите горизонтальную скорость вращения камеры."""
CameraHintSpeedY#0,"""Установите вертикальную скорость вращения камеры."""
CameraHintRotateX#0,"""Установите горизонтальное направление вращения камеры."""
CameraHintRotateY#0,"""Установить вертикальное направление вращения камеры."""
CameraHintMouseOperate#0,"""При использовании мыши устанавливает приоритет<br>камере или курсору мыши."""
CommuTextMailQuote#0,"""Цитатировать письмо в ответе"""
CommuTextShowUI#0,"""Показать интерфейс на скриншотах"""
CommuTextEnableAutoword#0,"""Настройки авто-текста"""
CommuTextDirectChat#0,"""Основной чат"""
CommuTextCustomTab#0,"""Каналы, показываемые в \""Показать все"""
CommuTextShowLogAutoword#0,"""Отображать авто-слова в чате"""
CommuTextDisableScrollLock#0,"""Отключить переключение \""Блокировки прокрутки"""
CommuTextTeamChat#0,"""Настройки облака чата команды"""
CommuTextLoginCall#0,"""Разрешить уведомления о входе друзей в игру"""
CommuTextLogWindow#0,"""Настройка обновления окна входа"""
CommuTextSymbolArt#0,"""Настройки Символ Артов"""
CommuTextCharaName#0,"""Отображение имени для чата команды/шёпота"""
CommuTextChatColor#0,"""Делает цвет окна соответствующим каналу чата, в котором было отправлено сообщение"""
CommuTextBattleImpossibleNotification#0,"""Иконки персонажей, выведенных из строя"""
CommuTextMyBattleImpossibleNotification#0,"""Ваша иконка, выведенного из строя персонажа"""
CommuRadioTeamChatAll#0,"""Показать все"""
CommuRadioTeamChatArea#0,"""Только в этой местности"""
CommuRadioTeamChatNone#0,"""Нет"""
CommuTabCustomCheckPublic#0,"""Публичный чат"""
CommuTabCustomCheckParty#0,"""Группа"""
CommuTabCustomCheckGuild#0,"""Команда"""
CommuTabCustomCheckReply#0,"""Шёпот"""
CommuTabCustomCheckSystem#0,"""Система"""
CommuTabCustomCheckNpc#0,"""キャラクター"""
CommuRadioLogWindowUp#0,"""Показывать новое сверху"""
CommuRadioLogWindowDown#0,"""Показывать новое снизу"""
CommuRadioLogChatColorOff#0,"""Не использовать цвет канала"""
CommuRadioLogChatColorOn#0,"""Использовать цвет канала"""
CommuHintMailQuote#0,"""Определяет цитирование писем в ответах."""
CommuHintShowUI#0,"""Определяет показ интерфейса <br>(включая окна) в скриншотах."""
CommuHintEnableAutoword#0,"""Если вы установите для авто-слов, <br>режим \""Отключены\"", то это<br>предотвратит их срабатывание."""
CommuHintDirectChat#0,"""Если включить, то все клавиши клавиатуры<br>могут быть использованы только для чата.<br>※[Блокировка прокрутки] может переключать это в любой момент."""
CommuHintCustomTab#0,"""Определяет контент, отображаемый в окне чата во вкладке \""Показать все"""
CommuHintShowLogAutoword#0,"""Определяет отображение авто-слов в окне чата."""
CommuHintDisableScrollLock#0,"""Отключает возможность использования [Блокировка прокрутки] для переключения прямого чата.<br><br>Если прямой чат не работает как положено, попробуйте включить<br>эту настройку. Это может исправить ошибку."""
CommuHintTeamChat#0,"""Определяет условия отображения<br>чата команды."""
CommuHintShowSymbolArt#0,"""Определяет скрывать или нет символ арты."""
CommuHintLoginCall#0,"""Когда вы войдёте в игру,<br>друзьям будет отправлено Уведомление о входе."""
CommuHintChatColor#0,"""Устанавливает цвет фона сообщений,<br>в соответствии с каналом чата."""
CommuHintBattleImpossible#0,"""Определяет отображение индикаторов<br>выведенных из строя персонажей.<br>Не влияет на Партнёров."""
CommuHintMyBattleImpossible#0,"""Определяет будут ли другие игроки видеть<br>индикатор, если вы будете выведены из строя.<br>Если у игрока этот пункт отключён,<br>то индикатор не отобразится у вас."""
CommuRadioIDName#0,"""Имя Player ID"""
CommuRadioCharaName#0,"""Имя персонажа"""
CommuHintWhisperIDName#0,"""Определяет показывать Player ID или имя персонажа в чате команды и шёпоте."""
ConfirmTitleWindowInit#0,"""Подтвердить сброс окон"""
ConfirmMessageWindowInit#0,"""Это вернёт все окна к их изначальным позициям и размерам.<br>Вы уверены?"""
ConfirmMessageWindowInitEnd#0,"""Все окна возвращены к изначальным настройкам."""
WindowTitleInitText#0,"""Сброс позиций окон"""
WindowInitHint#0,"""Это сбросит размер и расположение всех окон."""
WindowRadioButtonInitText#0,"""Сбросить окна к изначальным позициям и размерам"""
EstheTitleText#0,"""Отображение аксессуаров"""
EstheTitleTextShapeSync#0,"""Настройки физики в редакторе"""
EstheMessageShapeSync#0,"""Человеческие детали и детали CAST'а по-умолчанию редактируются одновременно.<br>Если хотите редактировать их отдельно, выберите \""Редактировать отдельно\"".<br>(Влияет только на внешний вид)"""
EstheHint#0,"""Вы можете установить тип окон в редакторе персонажа."""
EstheHintShapeSync#0,"""Человеческие тело и тело CAST'а по-умолчанию редактируются одновременно.<br>Если хотите редактировать их отдельно, выберите \""Редактировать отдельно\"".<br>(Влияет только на внешний вид)"""
EstheRadioButtonText1#0,"""Маленькое окно, отображающее все аксессуары"""
EstheRadioButtonText2#0,"""Большое окно с вкладками"""
EstheRadioButtonShapeSync1#0,"""Физика в реальном времени"""
EstheRadioButtonShapeSync2#0,"""Дискретная физика"""
ShootTextFileType#0,"""Формат скриншота"""
ShootTextShowUI#0,"""Показать интерфейс на скриншотах"""
ShootHintFileType#0,"""Формат сохранения скриншотов."""
ShootHintShowUI#0,"""Определяет показ интерфейса <br>(включая окна) в скриншотах."""
DrawFuncTextLightEffect#0,"""Динамическое освещение"""
DrawFuncTextLightGeoGraphy#0,"""Ландшафтное освещение"""
DrawFuncTextBloom#0,"""Свечение(Bloom)"""
DrawFuncTextDepth#0,"""Глубина резкости(DOF)"""
DrawFuncTextLightShaft#0,"""Объёмное освещение"""
DrawFuncTextBlur#0,"""Размытие"""
DrawFuncTextAntiAliasing#0,"""Сглаживание"""
DrawFuncTextSoftParticle#0,"""Мягкие частицы"""
DrawFuncTextAmbientOcclusion#0,"""Непрямое затенение объектов (Ambient Occlusion)"""
DrawFuncTextLimbDarkening#0,"""Затемнение краёв"""
DrawFuncTextCameraLight#0,"""Освещение камеры"""
DrawFuncTextColorTone#0,"""Кривая цветокоррекции"""
DrawFuncTextEdgeLight#0,"""Освещение на краях"""
DrawFuncTextEffectDraw#0,"""Уменьшение яркости эффектов"""
DrawFuncTextResolution#0,"""Настройка динамического разрешения"""
DrawFuncHintLightEffect#0,"""Включает или отключает динамическое освещение.<br>Отключение заметно повысит производительность."""
DrawFuncHintLightGeoGraphy#0,"""Включает или отключает освещение ландшафта.<br>Отключение заметно повысит производительность."""
DrawFuncHintBloom#0,"""Включает или отключает эффекты<br>при показе ярких объектов.<br>Отключение заметно повысит производительность."""
DrawFuncHintDepth#0,"""Симулирует фокусировку камеры, размытие отдалённых объектов.<br>Отключение заметно повысит производительность."""
DrawFuncHintLightShaft#0,"""Включает или отключает показ лучей света.<br>Отключение заметно повысит производительность."""
DrawFuncHintBlur#0,"""Включает или отключает эффект размытия.<br>Отключение заметно повысит производительность."""
DrawFuncHintAntiAliasing#0,"""Включает или отключает сглаживание.<br>Отключение заметно повысит производительность."""
DrawFuncHintSoftParticle#0,"""Включает или отключает мягкие частицы эффектов.<br>Отключение заметно повысит производительность."""
DrawFuncHintAmbientOcclusion#0,"""Позволяет падать теням от краёв.<br>Включено, когда качество графики установлено на 6.<br>Отключение заметно повысит производительность."""
DrawFuncHintLimbDarkening#0,"""Затемняет края экрана.<br>Включено, когда качество графики установлено на 6.<br>Отключение заметно повысит производительность."""
DrawFuncHintCameraLight#0,"""Устанавливает объем света, излучаемого камерой, что влияет на яркость картинки.<br>Установка значения 0 заметно повысит производительность."""
DrawFuncHintColorTone#0,"""Настраивает яркость, контраст и цветофильтр индивидуально для каждой локации.<br>Включено, когда качество графики установлено на 6.<br>Отключение заметно повысит производительность."""
DrawFuncHintEdgeLight#0,"""Настраивает количество света, падающего на края объектов.<br>Включено, когда качество графики установлено на 6.<br>Отключение заметно повысит производительность."""
DrawFuncHintEffectDraw#0,"""Настраивает яркость определённых эффектов.<br>Установка на \""Уменьшенная\"" сделает их тускней."""
DrawFuncHintResolution#0,"""Позволяет разрешению рендеринга автоматически уменьшаться для сохранения плавной частоты смены кадров.<br>Отключение позволит частоте смены кадров уменьшаться во время высоких нагрузок."""
DrawFuncButtonOn#0,"""Вкл"""
DrawFuncButtonOff#0,"""Выкл"""
DrawFuncButtonOn_Effect#0,"""Обычная"""
DrawFuncButtonOff_Effect#0,"""Уменьшенная"""
DrawDisplayTextDetailModelNum#0,"""Количество детализированных моделей"""
DrawDisplayTextReflectionQuality#0,"""Качество отражений"""
DrawDisplayTextShadowQuality#0,"""Качество теней"""
DrawDisplayTextScreenBrightness#0,"""Яркость экрана"""
DrawDisplayTextPBNum#0,"""Количество отображаемых Фотон Бластов"""
DrawDisplayHintDetailModelNum#0,"""Определяет сколько персонажей игроков будут отображаться<br>в полной детализации, например, с показом снаряжения.<br>Уменьшение количества повысит производительность."""
DrawDisplayHintReflectionQuality#0,"""Определяет качество отражений.<br>Уменьшение количества повысит производительность."""
DrawDisplayHintShadowQuality#0,"""Определяет качество теней.<br>Уменьшение количества повысит производительность."""
DrawDisplayHintScreenBrightness#0,"""Устанавливает яркость экрана.<br>Уменьшение количества уменьшит яркость экрана."""
DrawDisplayHintPBNum#0,"""Определяет количество отображаемых Фотон Бластов.<br>Отображение меньшего количества повышает производительность."""
SndVolumeTextBgm#0,"""Громкость музыки"""
SndVolumeTextSe#0,"""Громкость звуков"""
SndVolumeTextVoice#0,"""Громкость голоса"""
SndVolumeTextMovie#0,"""Громкость внутри-игровых роликов"""
SndVolumeHintBgm#0,"""Устанавливает громкость музыки."""
SndVolumeHintSe#0,"""Устанавливает громкость звуков."""
SndVolumeHintVoice#0,"""Устанавливает громкость голосов."""
SndVolumeHintMovie#0,"""Устанавливает громкость внутри-игровых роликов<br>на мониторах ARKS, установленных в лобби."""
SndPlayTextSurround#0,"""Объёмный звук"""
SndPlayTextGlobalFocus#0,"""Звук при неактивном окне"""
SndPlayButtonOn#0,"""Вкл"""
SndPlayButtonOff#0,"""Выкл"""
SndPlayHintSurround#0,"""Включает или отключает объёмный звук."""
SndPlayHintGlobalFocus#0,"""Определяет воспроизведение звука<br>при неактивном окне с игрой."""
CtrlKeyboardTitle#0,"""Настройки клавиатуры"""
CtrlTabTitleNView#0,"""Действие 1"""
CtrlTabTitleZView#0,"""Действие 2"""
CtrlTabTitleWindow#0,"""Окно"""
CtrlTabTitleOther#0,"""Другие"""
CtrlTabTitleShortcut#0,"""Сокращения"""
CtrlTabTitleAction#0,"""Действие"""
CtrlTabTitleLobbyAction#0,"""Лобби-экшны"""
CtrlTabTitleBasicSet#0,"""Основные настройки"""
CtrlMainCtgNameNView#0,"""Настройки действий 1"""
CtrlMainCtgNameZView#0,"""Настройки действий 2"""
CtrlMainCtgNameWindow#0,"""Настройки окна"""
CtrlMainCtgNameOther#0,"""Другие настройки"""
CtrlMainCtgNameShortcut#0,"""Настройки быстрых слов"""
CtrlMainCtgNameAction#0,"""Настройки действий"""
CtrlMainCtgNameLobbyAction#0,"""Настройки лобби-экшенов"""
CtrlSubCtgNameViewMove#0,"""Движение персонажа"""
CtrlSubCtgNameViewCamera#0,"""Изменить расстояние камеры"""
CtrlSubCtgNameViewAction#0,"""Действие"""
CtrlSubCtgNameViewActionSupport#0,"""Помощь в действиях"""
CtrlSubCtgNameViewMenu#0,"""Меню"""
CtrlSubCtgNameViewPalette#0,"""Смена главной палитры"""
CtrlSubCtgNameViewChat#0,"""Чат"""
CtrlSubCtgNameViewSubPalette#0,"""Открыть вспомогательную палитру"""
CtrlSubCtgNameViewMap#0,"""Показать карту"""
CtrlSubCtgNameWindowBasic#0,"""Принять/Отменить"""
CtrlSubCtgNameWindowChat#0,"""Чат"""
CtrlSubCtgNameWindowPage#0,"""Отправить страницу"""
CtrlSubCtgNameWindowTab#0,"""Отправить страницу"""
CtrlSubCtgNameWindowDetailTab#0,"""Отправить детальную вкладку окна"""
CtrlSubCtgNameWindowCtrlWindow#0,"""Изменить окно"""
CtrlSubCtgNameOtherShortcut#0,"""Быстрые команды"""
CtrlSubCtgNameOtherShortcutWord#0,"""Фразы быстрых команд"""
CtrlSubCtgNameOtherMainPalette#0,"""Вручную сменить главную палитру"""
CtrlSubCtgNameOtherSubPalette#0,"""Открыть под-палитру"""
CtrlSubCtgNameCtrlCtrl#0,"""Настройки быстрых команд"""
CtrlSubCtgNameCtrlWindow#0,"""Окно настройки быстрых слов"""
CtrlSubCtgNameBasic#0,"""Основные настройки"""
CtrlSubCtgNameAssist#0,"""Настройки помощи"""
CtrlSubCtgNameLobbyAction#0,"""Настройки клавиш действий."""
CtrlSubCtgNameActionMenu#0,"""Действия/Открыть меню"""
CtrlPresetNameRNViewRcm#0,"""Праворукая раскладка, обычная камера"""
CtrlPresetNameRZViewRcm#0,"""Праворукая раскладка, TPS-камера"""
CtrlPresetNameRNViewKbd#0,"""Праворукая раскладка, обычная камера"""
CtrlPresetNameRZViewKbd#0,"""Праворукая раскладка, TPS-камера"""
CtrlPresetNameLNViewRcm#0,"""Леворукая раскладка, обычная камера"""
CtrlPresetNameLZViewRcm#0,"""Леворукая раскладка, TPS-камера"""
CtrlPresetNameLNViewKbd#0,"""Леворукая раскладка, обычная камера"""
CtrlPresetNameLZViewKbd#0,"""Леворукая раскладка, TPS-камера"""
CtrlPresetNameRcm1#0,"""Стандартная 1"""
CtrlPresetNameRcm2#0,"""Стандартная 2"""
CtrlPresetNameNViewRcm1#0,"""Стандартная обычная камера 1"""
CtrlPresetNameNViewRcm2#0,"""Стандартная обычная камера 2"""
CtrlPresetNameZViewRcm1#0,"""Стандартная TPS-камера 1"""
CtrlPresetNameZViewRcm2#0,"""Стандартная TPS-камера 2"""
CtrlPresetNameRRcm#0,"""Под правую руку"""
CtrlPresetNameLRcm#0,"""Под левую руку"""
CtrlPresetNameCutom#0,"""Своя"""
CtrlPresetNameRcm#0,"""Рекомендованная"""
CtrlAssignNameMouseL#0,"""ЛКМ"""
CtrlAssignNameMouseR#0,"""ПКМ"""
CtrlAssignNameMouseM#0,"""СКМ"""
CtrlAssignNameMouseWheel#0,"""Колесо"""
CtrlAssignNameMouseX1#0,"""Боковая кнопка (X1)"""
CtrlAssignNameMouseX2#0,"""Боковая кнопка (X2)"""
CtrlFuncNameNone#0,"""Отсутствует"""
CtrlFuncNameMoveForward#0,"""Движение: Вперёд"""
CtrlFuncNameMoveRight#0,"""Движение: Направо"""
CtrlFuncNameMoveLeft#0,"""Движение: Налево"""
CtrlFuncNameMoveBack#0,"""Движение: Назад"""
CtrlFuncNameNormalAttack#0,"""Обычная атака"""
CtrlFuncNamePhotonArts#0,"""Умение/техника"""
CtrlFuncNameAvoid#0,"""Уклонение"""
CtrlFuncNameJump#0,"""Прыжок"""
CtrlFuncNameAccess#0,"""Доступ"""
CtrlFuncNameWeponAction#0,"""Действие оружия"""
CtrlFuncNameLockon#0,"""Фиксирование цели"""
CtrlFuncNameLockonNext#0,"""Смена цели"""
CtrlFuncNameChangeView#0,"""Смена вида"""
CtrlFuncNameCameraDistance#0,"""Изменить расстояние камеры"""
CtrlFuncNameCameraSelect#0,"""Выбор камеры"""
CtrlFuncNameCameraMoveUD#0,"""Двигать камеру вертикально"""
CtrlFuncNameAutoRun#0,"""Авто-бег"""
CtrlFuncNameRefuseFollowRun#0,"""Запрещать автоматическое следование за вами"""
CtrlFuncNameOpenMainMenu#0,"""Открыть Главное меню"""
CtrlFuncNameOpenSelectMenu#0,"""Открыть Меню выбора"""
CtrlFuncNameOpenEquip#0,"""Открыть Снаряжение"""
CtrlFuncNameOpenPlayerList#0,"""Персонажи рядом"""
CtrlFuncNameMainPaletteForward#0,"""Следующая главная палитра"""
CtrlFuncNameMainPaletteBack#0,"""Предыдущая главная Палитра"""
CtrlFuncNameMainPaletteA#0,"""Действие 1"""
CtrlFuncNameMainPaletteB#0,"""Действие 2"""
CtrlFuncNameMainPaletteC#0,"""Действие 3"""
CtrlFuncNameBackPallete#0,"""Переключиться на оборотную палитру"""
CtrlFuncNameMainPaletteUp#0,"""Последнее оружие"""
CtrlFuncNameMainPaletteDown#0,"""Первое оружие"""
CtrlFuncNameStartChat#0,"""Чат"""
CtrlFuncNameStartChatPublic#0,"""Начать публичный разговор"""
CtrlFuncNameStartChatParty#0,"""Начать разговор в группе"""
CtrlFuncNameStartChatGuild#0,"""Начать разговор в команде"""
CtrlFuncNameStartChatWhisper#0,"""Начать шёпот"""
CtrlFuncNameSubpaletteChange#0,"""Движение курсора под-палитры"""
CtrlFuncNameSubpalette#0,"""Открыть под-палитру"""
CtrlFuncNameSubpaletteForward#0,"""Вперёд по вспомогательной палитре"""
CtrlFuncNameSubpaletteLeft#0,"""Влево по вспомогательной палитре"""
CtrlFuncNameSubpaletteRight#0,"""Вправо по вспомогательной палитре"""
CtrlFuncNameCameraNear#0,"""Ближе к персонажу"""
CtrlFuncNameCameraFar#0,"""Дальше от персонажа"""
CtrlFuncNameCameraUp#0,"""Вверх"""
CtrlFuncNameCameraDown#0,"""Вниз"""
CtrlFuncNameCameraNext#0,"""Выбор следующей камеры"""
CtrlFuncNameCameraPrev#0,"""Выбор предыдущей камеры"""
CtrlFuncNameScreenShoot#0,"""Сделать Скриншот"""
CtrlFuncNameMovie#0,"""Записать видео"""
CtrlFuncNameDecide#0,"""Принять"""
CtrlFuncNameCancel#0,"""Отмена"""
CtrlFuncNameChangeMouseMode#0,"""Переключить режим мыши"""
CtrlFuncNameAllWindowClose#0,"""Закрыть Главное меню"""
CtrlFuncNameMultiSelect#0,"""Выбрать несколько"""
CtrlFuncNameFunction#0,"""Отменить"""
CtrlFuncNameMove#0,"""Сдвинуть предмет"""
CtrlFuncNamePageForward#0,"""Страница вперёд"""
CtrlFuncNamePageBack#0,"""Страница назад"""
CtrlFuncNameTabForward#0,"""Увеличить вкладку"""
CtrlFuncNameTabBack#0,"""Уменьшить вкладку"""
CtrlFuncNameWindowTabForward#0,"""Следующее окно"""
CtrlFuncNameWindowTabBack#0,"""Предыдущее окно"""
CtrlFuncNameChangeWindow#0,"""Изменить окно"""
CtrlFuncNameCtrlTabForward#0,"""Увеличить Панель действий"""
CtrlFuncNameCtrlTabBack#0,"""Уменьшить Панель действий"""
CtrlFuncNameCtrlException#0,"""Специальная операция"""
CtrlFuncNameStctWord#0,"""Использовать быстрые команды"""
CtrlFuncNameChangeToMainPalette#0,"""Сменить палитру"""
CtrlFuncNameChangeRadarMap#0,"""Изменить режим радара"""
CtrlFuncNameChangeAreaMap#0,"""Показать/Скрыть карту местности"""
CtrlFuncNameOpenItemPack#0,"""Открыть инвентарь"""
CtrlFuncNameOpenCustomize#0,"""Открыть меню настроек"""
CtrlFuncNameOpenMag#0,"""Открыть меню МАГа"""
CtrlFuncNameOpenPet#0,"""Питомец"""
CtrlFuncNameOpenEventItem#0,"""Предметы событий"""
CtrlFuncNameOpenEquipWeapon#0,"""Использовать оружие"""
CtrlFuncNameOpenEquipArmor#0,"""Использовать броню"""
CtrlFuncNameOpenSubpalette#0,"""Изменить вспомогательные палитры"""
CtrlFuncNameOpenFriend#0,"""Открыть список друзей"""
CtrlFuncNameOpenGuild#0,"""Настройки команды"""
CtrlFuncNameOpenParty#0,"""Настройки группы"""
CtrlFuncNameOpenMail#0,"""Открыть почту"""
CtrlFuncNameOpenNearCharacter#0,"""Персонажи рядом"""
CtrlFuncNameOpenCharaInfo#0,"""Открыть информацию о персонаже"""
CtrlFuncNameOpenLicense#0,"""Открыть список титулов"""
CtrlFuncNameOpenMyMenu#0,"""Открыть быстрое меню"""
CtrlFuncNameOpenCommunicationLog#0,"""История общения"""
CtrlFuncNameOpenProfile#0,"""Карта ARKS"""
CtrlFuncNameOpenLibrary#0,"""Энциклопедия"""
CtrlFuncNameOpenMutterBoard#0,"""Открыть карту событий"""
CtrlFuncNameOpenClientOrder#0,"""Открыть клиентские заказы"""
CtrlFuncNameOpenQuestInfo#0,"""Открыть информацию о квесте"""
CtrlFuncNameOpenSymbolArt#0,"""Символ Арты"""
CtrlFuncNameOpenMacro#0,"""Макросы"""
CtrlFuncNameOpenConfig#0,"""Настройки"""
CtrlFuncNameOpenPayShop#0,"""Открыть магазин AC"""
CtrlFuncNameOpenACGacha#0,"""Использовать скретч"""
CtrlFuncNameOpenPayLog#0,"""История покупок"""
CtrlFuncNameOpenRentalLimit#0,"""Окончание аренды"""
CtrlFuncNameOpenLogOut#0,"""Открыть меню выхода"""
CtrlFuncNameOpenBingo#0,"""ARKS Бинго"""
CtrlFuncNameOpenInformation#0,"""Информация"""
CtrlFuncNameOpenArksRoad#0,"""Путь ARKS"""
CtrlFuncNameOpenCraftAchievement#0,"""Достижения крафта"""
CtrlFuncNameOpenShipBattle#0,"""Гран при ARKS"""
CtrlFuncNameOpenRecycle#0,"""Магазин переработки"""
CtrlFuncNameOpenFashion#0,"""Изменение стиля"""
CtrlFuncNameOpenGatStatus#0,"""Статус добычи"""
CtrlFuncNameOpenGatAchieve#0,"""Получаемые достижения за собирание"""
CtrlFuncNameOpenEquipNote#0,"""Коллекция файлов"""
CtrlFuncNameOpenBuySG#0,"""Купить Star Gems"""
CtrlFuncNameOpenPokaRecord#0,"""Подробности рекорда"""
CtrlFuncNameOpenPokaRankMatch#0,"""Подробности рагна боёв"""
CtrlFuncNameOpenFashionCat#0,"""Каталог преображения"""
CtrlFuncNameOpenArksLeague#0,"""ARKS лига"""
CtrlFuncNameWinShortcut#0,"""Командные окна"""
CtrlFuncNameWinShortcutT1#0,"""1"""
CtrlFuncNameWinShortcutT2#0,"""2"""
CtrlFuncNameWinShortcutT3#0,"""3"""
CtrlFuncNameWinShortcutT4#0,"""4"""
CtrlFuncNameWinShortcutT5#0,"""5"""
CtrlFuncNameWinShortcutT6#0,"""6"""
CtrlFuncNameWinShortcutT7#0,"""7"""
CtrlFuncNameWinShortcutT8#0,"""8"""
CtrlFuncNameWinShortcutT9#0,"""9"""
CtrlFuncNameWinShortcutT10#0,"""0"""
CtrlFuncNameWinShortcutF1#0,"""F1"""
CtrlFuncNameWinShortcutF2#0,"""F2"""
CtrlFuncNameWinShortcutF3#0,"""F3"""
CtrlFuncNameWinShortcutF4#0,"""F4"""
CtrlFuncNameWinShortcutF5#0,"""F5"""
CtrlFuncNameWinShortcutF6#0,"""F6"""
CtrlFuncNameWinShortcutF7#0,"""F7"""
CtrlFuncNameWinShortcutF8#0,"""F8"""
CtrlFuncNameWinShortcutF9#0,"""F9"""
CtrlFuncNameWinShortcutF10#0,"""F10"""
CtrlFuncNameWinShortcutN1#0,"""Num1"""
CtrlFuncNameWinShortcutN2#0,"""Num2"""
CtrlFuncNameWinShortcutN3#0,"""Num3"""
CtrlFuncNameWinShortcutN4#0,"""Num4"""
CtrlFuncNameWinShortcutN5#0,"""Num5"""
CtrlFuncNameWinShortcutN6#0,"""Num6"""
CtrlFuncNameWinShortcutN7#0,"""Num7"""
CtrlFuncNameWinShortcutN8#0,"""Num8"""
CtrlFuncNameWinShortcutN9#0,"""Num9"""
CtrlFuncNameWinShortcutN10#0,"""Num0"""
CtrlLobbyActionAssignName#0,"""Alt+$(0)"""
CtrlAssignButtonInput#0,"""Изменить"""
CtrlAssignButtonWaiting#0,"""Подождать"""
CtrlAssignHint#0,"""Пожалуйста, нажмите желаемую кнопку. <br>([Esc] для отмены)"""
CtrlCtrlAssignTypeT#0,"""1～0"""
CtrlCtrlAssignTypeF#0,"""F1～F10"""
CtrlCtrlAssignTypeN#0,"""Num1～Num0"""
CtrlCtrlAssignTypeCtrlT#0,"""Ctrl+1～0"""
CtrlCtrlAssignTypeCtrlF#0,"""Ctrl+F1～F10"""
CtrlCtrlAssignTypeCtrlN#0,"""Ctrl+Num1～Num0"""
CtrlCtrlSwapMessage#0,"""[$(0)] выбрано."""
CtrlCtrlCaptionFuncName#0,"""Название функции"""
CtrlCtrlCaptionAssign#0,"""Настройки"""
CtrlPartition#0,""" / """
CtrlVitaAccessEscape#0,"""<pict Sign_L3> ＋ <pict Sign_CIRCLE>"""
CtrlVitaPalletinfo#0,"""武器パレット切り替えの操作が一部制限されます"""
CtrlVitaSubPalletinfo#0,"""サブパレット切り替えの操作が一部制限されます"""
CtrlAnnounceTitle#0,"""Настройки отображения"""
CtrlAnnounceMessage#0,"""Пожалуйста, выберите желаемое<br>отображение кнопок."""
CtrlAnnounceSelSymbol#0,"""Символы кнопок (тип PlayStation контроллера)"""
CtrlAnnounceSelAlphabet#0,"""Алфавит (тип X-Box контроллера)"""
CtrlAnnounceSelNumber#0,"""Числа"""
CtrlAnnounceSelKeyboard#0,"""Клавиатура"""
CtrlAnnounceExample#0,"""Пример: """
CtrlAnnounceExampleKey#0,"""<pict Key_ENTER> [Esc] [↑] <pict Key_SPACE>"""
CtrlAnnounceExampleAlpha#0,"""<pict Alpha_A><pict Alpha_B><pict Alpha_RB><pict Alpha_UP>"""
CtrlAnnounceExampleSign#0,"""<pict Sign_CIRCLE><pict Sign_CROSS><pict Sign_R1><pict Sign_UP>"""
CtrlAnnounceExampleNumber#0,"""<pict Number_1><pict Number_2><pict Number_5><pict Number_UP>"""
CtrlAnnounceHint#0,"""Ожидание."""
CtrlPadBehaviorTitle#0,"""Быстрая настройка джойстика"""
CtrlPadBehaviorSetting#0,"""Настройки"""
CtrlPadBehaviorInitialize#0,"""Вернуть к начальным"""
CtrlPadBehaviorStickTitle#0,"""Настройка движения аналогового стика."""
CtrlPadBehaviorStickSubTitleLU#0,"""1. Калибровка левого стика: Вверх"""
CtrlPadBehaviorStickMessageLU#0,"""Начинаем калибровку левого стика.<br>Удерживая <c ff007f>ВВЕРХ<c> левый стик,<green> нажмите <c>$(0).<br><br><yellow>※Если контроллер не отвечает, попробуйте переключиться в <c ff007f>[АНАЛОГОВЫЙ РЕЖИМ]<c><yellow> нажимая<br>кнопку или переключатель, отмеченный [ANALOG MODE]<c>"""
CtrlPadBehaviorStickSubTitleLL#0,"""2. Калибровка левого стика: Влево"""
CtrlPadBehaviorStickMessageLL#0,"""Теперь удерживая <c ff007f>ВЛЕВО<c> левый стик,<green> нажмите <c>$(0)."""
CtrlPadBehaviorStickSubTitleRU#0,"""3. Калибровка правого стика: Вверх"""
CtrlPadBehaviorStickMessageRU#0,"""Начинаем калибровку правого стика.<br>Удерживая <c ff007f>ВВЕРХ<c> правый стик,<green> нажмите <br><c>$(0)."""
CtrlPadBehaviorStickSubTitleRL#0,"""4. Калибровка правого стика: Влево"""
CtrlPadBehaviorStickMessageRL#0,"""Теперь удерживая <c ff007f>ВЛЕВО<c>правый стик,<green> нажмите <c>$(0)."""
CtrlPadBehaviorTriggerTitle#0,"""Настройки триггеров"""
CtrlPadBehaviorTriggerMessageL#0,"""Сейчас будет определён [Задняя левая кнопка] если она - триггер.<br>(Работает только на аналоговых контроллерах)<br>Пожалуйста, нажмите на кнопку, изображённую на фигуре снизу.<br><br><yellow>Если ничего не происходит, когда вы её нажимаете, то контроллер не аналоговый.<br>Нажмите <c>$(0)<yellow>, чтобы перейти к настройке кнопок.<c>"""
CtrlPadBehaviorTriggerMessageR#0,"""Сейчас будет определён [Задняя правая кнопка] если она - триггер.<br>(Работает только на аналоговых контроллерах)<br>Пожалуйста, нажмите на кнопку, изображённую на фигуре снизу.<br><br><yellow>Если ничего не происходит, когда вы её нажимаете, то контроллер не аналоговый.<br>Нажмите <c>$(0)<yellow>, чтобы перейти к настройке кнопок.<c>"""
CtrlPadBehaviorConfirmInitTitle#0,"""Сбросить все"""
CtrlPadBehaviorConfirmApplyTitle#0,"""Подтвердить"""
CtrlPadBehaviorConfirmInitMessage#0,"""Настройки контроллера будут сброшены.<br>Продолжить?"""
CtrlPadBehaviorConfirmApplyMessage#0,"""Сохранить настройки."""
CtrlPadBehaviorHelpSetting#0,"""Начать настройку."""
CtrlPadBehaviorHelpInitialize#0,"""Автоматическая настройка"""
CtrlPadBehaviorHelpInitializeDisable#0,"""Этот геймпад не поддерживает автоматическую настройку."""
CtrlPadBehaviorHelpTrigger#0,"""Установить действия триггеров."""
CtrlPadBehaviorButtonDefTitle#0,"""Назначение кнопок"""
CtrlPadBehaviorButtonDefMessage2#0,"""Здесь вы можете сопоставить кнопки вашего контроллера с<br>кнопками, отображаемым в игре, в случае,<br>если они были определены некорректно.<br><br>Нажмите кнопку [Изменить], затем сопоставьте <br><c ff007f>[Отображаемую кнопку]<c> с кнопкой на вашем контроллере."""
CtrlPadBehaviorButtonDefCaptionDef#0,"""<c ff007f>Отображаемая кнопка<c>"""
CtrlPadBehaviorButtonDefCaptionAssign#0,"""Установить кнопку."""
CtrlPadBehaviorButtonDefApply#0,"""Вернуться"""
CtrlPadBehaviorButtonDefDisapply#0,"""Отменить и вернуться"""
CtrlPadBehaviorButtonDefMessage#0,"""Нажмите кнопку, используемую вместо $(0)."""
CtrlPadBehaviorButtonDefDisable#0,"""<gray>Автоматически(Аналоговая)<c>"""
CtrlPadCtrlTitle#0,"""Настройки геймпада"""
CtrlPadInitToast#0,"""Геймпад будет настроен автоматически. Вы можете вручную настроить геймпад."""
RadioButtonOnepush#0,"""Нажать"""
RadioButtonHold#0,"""Держать"""
RadioButtonNormal#0,"""Обычное"""
RadioButtonReverse#0,"""Инвертированное"""
RadioButtonRadarMapDirectionChara#0,"""Не вращать"""
RadioButtonRadarMapDirectionCamera#0,"""Вращается"""
RadioButtonMoviePlayOn#0,"""Видео включены"""
RadioButtonMoviePlayOff#0,"""Видео выключены"""
RadioButtonShowDialog#0,"""Отображать окно выбора"""
RadioButtonNotice#0,"""Только уведомления"""
RadioButtonEnable#0,"""Включить"""
RadioButtonDisable#0,"""Выключить"""
RadioButtonShow#0,"""Показать"""
RadioButtonHide#0,"""Скрыть"""
RadioButtonShootDisplayAll#0,"""Показывать окна"""
RadioButtonShootDisplayNoUiChat#0,"""Скрыть окна (показывать чат)"""
RadioButtonShootDisplayNoUiAll#0,"""Скрыть окна"""
RadioButtonEnableQuote#0,"""Цитировать"""
RadioButtonDisableQuote#0,"""Не цитировать"""
RadioButtonScreenShotTypeBmp#0,"""BMP"""
RadioButtonScreenShotTypePng#0,"""PNG"""
RadioButtonScreenShotTypeJpeg#0,"""JPEG"""
RadioButtonAllow#0,"""Позволять"""
RadioButtonDisallow#0,"""Запрещать"""
RadioButtonCtrlNormal#0,"""Обычная"""
RadioButtonCtrlCustom#0,"""Своя (<pict Sign_TRIANGLE> Change custom settings)"""
RadioButtonCtrlType1#0,"""Тип 1"""
RadioButtonCtrlType2#0,"""Тип 2"""
RadioButtonCtrlType3#0,"""Тип 3"""
RadioButtonKeyMoveEscapeLong#0,"""Нажать кнопку движения дважды (Долгая задержка)"""
RadioButtonKeyMoveEscapeMiddle#0,"""Нажать кнопку движения дважды (Средняя задержка)"""
RadioButtonKeyMoveEscapeShort#0,"""Нажать кнопку движения дважды (Короткая задержка)"""
RadioButtonKeyMoveEscapeUnuseKey#0,"""Использовать кнопку уклонения (Двойное нажатие для уклонения отключено)"""
RadioButtonSave#0,"""Сохранить"""
RadioButtonNotSave#0,"""Не сохранять"""
RadioButtonAccessHold#0,"""Для предложения удерживать<%Access>"""
RadioButtonNotEvent#0,"""Не предлагать"""
RadioButtonNameWhite#0,"""Белое"""
RadioButtonNameBlue#0,"""Синее"""
RadioButtonPopUpMessageOne#0,"""Показывать только последнее сообщение"""
RadioButtonPopUpMessageThree#0,"""Показывать последние 3 сообщения"""
RadioButtonRecommendedNotice#0,"""Показывать рекомендованные заказы"""
RadioButtonRecommendedNotNotice#0,"""Не показывать рекомендованные заказы"""
RadioButtonAttackPropertyOff#0,"""Не показывать цвет типа урона"""
RadioButtonAttackPropertyOn#0,"""Показывать цвет типа урона"""
RadioButtonPartyNameChara#0,"""Использовать имя лидера"""
RadioButtonPartyNameQuest#0,"""Использовать название квеста/сложность (кратко)"""
RadioButtonBeginnerBlockSelect#0,"""Предпочитать начальные блоки"""
RadioButtonBeginnerAutoSelect#0,"""Автоматический выбор"""
RadioButtonSubActionPalletNameOn#0,"""Всегда показывать"""
RadioButtonSubActionPalletNameChangeOnly#0,"""Показывать при переключении"""
RadioButtonSubActionPalletNameOff#0,"""Отсутствует"""
RadioButtonBattleImpossibleIconOn#0,"""Показывать иконки выведенных из строя игроков"""
RadioButtonBattleImpossibleIconOff#0,"""Не показывать иконки выведенных из строя игроков"""
RadioButtonMyBattleImpossibleIconOn#0,"""Позволять другим видеть иконку, когда выведен из строя"""
RadioButtonMyBattleImpossibleIconOff#0,"""Не позволять другим видеть иконку, когда выведен из строя"""
RadioButtonAllPB#0,"""Показывать все Фотон Бласты"""
RadioButtonMyPB#0,"""Показывать только мой Фотон Бласт"""
RadioButtonRareDrop7Over#0,"""Показывать для предметов редкостью 7 и выше"""
RadioButtonRareDrop10Over#0,"""Показывать для предметов редкостью 10 и выше"""
RadioButtonRareDrop13Over#0,"""Показывать для предметов редкостью 13 и выше"""
RadioButtonRareautoget13#0,"""Автоматически подбирать предметы редкостью в 13★ или выше."""
RadioButtonRareautogetoff#0,"""Не использовать"""
RadioButtonCameraOperate#0,"""Приоритет клавишам управления камерой"""
RadioButtonCursorOperate#0,"""Приоритет управлению камерой курсором"""
RadioButtonWarehouseCursorAll#0,"""Все склады"""
RadioButtonWarehouseCursorBase#0,"""Базовый склад"""
RadioButtonWarehouseCursorCharacter#0,"""Склад персонажа"""
RadioButtonWarehouseCursorPremium#0,"""Прем. склад"""
RadioButtonWarehouseCursorOTP#0,"""OTP склад"""
RadioButtonWarehouseCursorPSO2es#0,"""PSO2es склад"""
RadioButtonAType#0,"""Ручной режим"""
RadioButtonBType#0,"""Автоматический режим"""
RadioButtonEtrialON#0,"""Изменить всю карту"""
RadioButtonEtrialOFF#0,"""Не менять"""
Number0#0,"""0"""
Number50#0,"""50"""
Number100#0,"""100"""
VITA_CustomWindow#0,"""<pict Sign_TRIANGLE>カスタム設定変更"""
VITA_CustomTitle#0,"""カスタム設定"""
VITA_PushButton#0,"""ボタン入力"""
VITA_CustomToast1#0,"""カスタム設定が変更されました。各操作タイプを「カスタム」にすることで有効になります。"""
VITA_CustomToast2#0,"""重要な操作が未設定になっています。"""
VITA_AutoRun#0,"""オートラン/サブパレット切替左"""
VITA_ChangeView#0,"""視点切替/サブパレット切替右"""
VITA_CustomInfo#0,"""カスタム設定はボタン以外にも<br>背面タッチパッドの左上<pict Sign_BACK_L>と右上<pict Sign_BACK_R>を設定できます。<br><br>変更したい項目名を選んでから、ボタンまたは<br>背面タッチパッドを押して、設定を変更してください。"""
RideroidNormalCtrlTextRotateX#0,"""Горизонтальное вращение камеры"""
RideroidNormalCtrlTextRotateY#0,"""Вертикальное вращение камеры"""
RideroidNormalCtrlTextMovementX#0,"""Горизонтальное направление поворота"""
RideroidNormalCtrlTextMovementY#0,"""Вертикальное направление движения"""
RideroidNormalCtrlTextRotateX_v#0,"""Горизонтальное вращение камеры"""
RideroidNormalCtrlTextRotateY_v#0,"""Вертикальное вращение камеры"""
RideroidNormalCtrlTextMovementX_v#0,"""Горизонтальное направление поворота"""
RideroidNormalCtrlTextMovementY_v#0,"""Вертикальное направление движения"""
RideroidNormalCtrlHintRotateX#0,"""Задать Горизонтальное вращение камеры"""
RideroidNormalCtrlHintRotateY#0,"""Задать Вертикальное вращение камеры"""
RideroidNormalCtrlHintMovementX#0,"""Задать Горизонтальное направление поворота"""
RideroidNormalCtrlHintMovementY#0,"""Задать Вертикальное направление движения"""
RideroidNormalCtrlHintRotateX_v#0,"""Задать Горизонтальное вращение камеры"""
RideroidNormalCtrlHintRotateY_v#0,"""Задать Вертикальное вращение камеры"""
RideroidNormalCtrlHintMovementX_v#0,"""Задать Горизонтальное направление поворота"""
RideroidNormalCtrlHintMovementY_v#0,"""Задать Вертикальное направление движения"""
RideroidShoulderCtrlTextRotateY#0,"""Задать Вертикальное вращение камеры"""
RideroidShoulderCtrlTextRotateX#0,"""Задать Горизонтальное вращение камеры"""
RideroidShoulderCtrlTextMovementX#0,"""Горизонтальное направление движения"""
RideroidShoulderCtrlTextMovementY#0,"""Вертикальное направление движения"""
RideroidShoulderCtrlTextRotateY_v#0,"""Задать Вертикальное вращение камеры"""
RideroidShoulderCtrlTextRotateX_v#0,"""Горизонтальное направление поворота"""
RideroidShoulderCtrlTextMovementX_v#0,"""Горизонтальное направление движения"""
RideroidShoulderCtrlTextMovementY_v#0,"""Вертикальное направление движения"""
RideroidShoulderCtrlHintRotateY#0,"""Задать Вертикальное вращение камеры"""
RideroidShoulderCtrlHintRotateX#0,"""Задать Горизонтальное направление поворота"""
RideroidShoulderCtrlHintMovementX#0,"""Задать Горизонтальное направление движения"""
RideroidShoulderCtrlHintMovementY#0,"""Задать Вертикальное направление движения"""
RideroidShoulderCtrlHintRotateY_v#0,"""Задать Вертикальное вращение камеры"""
RideroidShoulderCtrlHintRotateX_v#0,"""Задать Горизонтальное направление поворота"""
RideroidShoulderCtrlHintMovementX_v#0,"""Задать Горизонтальное направление движения"""
RideroidShoulderCtrlHintMovementY_v#0,"""Задать Вертикальное направление движения"""
RideroidOperationSettings#0,"""Настройки управления"""
RideroidOperationSettingsType#0,"""Ваши настройки райд-роида."""
RideroidOperationSettingsText#0,"""Ваши настройки райд-роида.<br> <br>Ручной режим: полностью ручное управление.<br>Автоматический режим: полностью автоматический режим.<br><br>※Вы можете настроить камеру Райд-роида<br> выбрав [Обычный вид] или [Вид через плечо].<br>※В настройках райд-роида по умолчанию выбрано<br>[<yellow>Вид через плечо<c>]."""
title#0,"""Выберите основной метод ввода"""
button1#0,"""Клавиатура & Мышь"""
button2#0,"""Геймпад"""
message#0,"""Если для игры используется геймпад, клавиатура<br>все ещё может использоваться для общения. Также другие функции управления<br>все еще будут доступны. <br><br><green>Эти настройки могут быть изменены в любое время<br>при помощи \""Вернуться к начальным настройкам\"" в меню настроек.<c><br><br>Какое устройство вы будете использовать?"""
title#1,"""Настройки изображения"""
Title#1,"""Тип палитры действий"""
Message#0,"""В игре два типа палитры действий,<br>обычная 2-х кнопочная и новая 3-х кнопочная.<br>С 3-х кнопочной Палитрой вам доступны более интуитивные действия.<br><br><green>Эти настройки могут быть изменены в любое время<br>при помощи \""Вернуться к начальным настройкам\"" в меню настроек.<c><br><br>Какой тип палитры действий вы будете использовать?"""
Button_2Button#0,"""2-х кнопочный тип"""
Button_3Button#0,"""3-х кнопочный тип"""
