Title#0,"""Quest Counter"""
TitleCampship#0,"""Quest Counter Terminal"""
HelpNon#0,"""<c f0df60>Please wait.<c>"""
HelpTopMenu#0,"""<c f0df60>Please choose a quest from the list, or a quest you wish to find a party for.<c>"""
HelpTypeSelect#0,"""<c f0df60>Select a quest. The Daily Boost grants the same effects as a Tri-Boost.<c>"""
HelpQuestSelect#0,"""<c f0df60>Select your desired quest.<c>"""
HelpQuestSelect_Vita#0,"""<c f0df60>受注したいクエストを選択してください。<c><c ff4f3f>クエストブースト中は<c><%MultiSelect><c><c ff4f3f>ボタンで詳細を確認できます。<c>"""
HelpQuestSelect_DailyOrder#0,"""<c f0df60>一部のおすすめクエストをAランク以上でクリアすると、「ボーナスキー」が低確率で入手可能です。<c>"""
HelpRankSelect#0,"""<c f0df60>Select your desired quest rank.<c>"""
HelpPartySelect#0,"""<c f0df60>Select a party to join.<c>"""
HelpRecordSelect#0,"""<c f0df60>You can check the records from this quest, such as enemy appearance rates and item drops.<c>"""
HelpOrderSelect#0,"""<c f0df60>受注したいクライアントオーダーを選択してください。<c>"""
ReceiverPC#0,"""・“PC” ログイン証"""
ReceiverVITA#0,"""・“PS Vita” ログイン証"""
OtherBlock#0,"""Other Blocks"""
BoostRate#0,"""+$(0)%"""
TitleNon#0,"""Unknown Error"""
AttentionNon#0,"""Unknown error.<br><br>Error code [3007]"""
TitleCancelQuest#0,"""-"""
AttentionCancelQuest#0,"""-"""
None#0,"""Unknown error.<br><br>Error code [3000]"""
NotReceptQuestPartyGuest#0,"""Only party leader can start quests."""
NotReceptQuestAlreadyQuest#0,"""あなたはパーティーリーダーではないため<br>クエストを受注できません。<br>（すでにクエストが始まっています。<br>出発ゲートに向かうことをおすすめします）"""
NotFoundQuestSearch#0,"""Quest requirements not found."""
NotFoundRoomSearch#0,"""Room conditions not found."""
NotFoundPartyList#0,"""No parties found."""
NotFoundQuestType#0,"""No quests that can be accepted."""
NotFoundQuestList#0,"""No quests that can be accepted."""
NotFoundFreeFieldQuest#0,"""You haven't started a quest.<br><br>To start a quest, you will<br>need to visit a quest counter<br>and start a quest."""
NotFoundQuestRecord#0,"""No quest records."""
CantStartQuestNotFoundRoom#0,"""対象ルームが見つからなかったため<br>クエストを開始できません。"""
CantStartQuestCapacityOverRoom#0,"""Could not join room, room limit already met."""
CantStartQuestCapacityOverRoom2#0,"""\u3000ルームの人数オーバーのため参加できません。<br>\u3000人数にはルームに参加予定のプレイヤーも含んでおり、<br>\u3000参加人数に反映されていない場合があります。<br>\u3000<br>\u3000<yellow>※参加予定の有効期限は1分ですので、<br>\u3000\u3000時間を置いて再度お試しいただくことで、<br>\u3000\u3000参加可能となる場合もあります。<c>"""
CantStartQuestNewRaidQuest#0,"""パーティーメンバーが<br>参加条件であるエネミーを倒していないため、<br>クエストを受注できません。"""
CantStartQuestNewNetCafeQuest#0,"""Could not start quest.<br>One or more party members do not have <br>NetCafe Premium."""
CantStartQuestNotNotFoundParty#0,"""対象パーティーが見つからなかったため、<br>クエストを開始できません。"""
CantStartQuestCapacityOverParty#0,"""Party count limit exceeded, could not join."""
CantStartQuestDifferencePasswordParty#0,"""Incorrect password, could not join."""
CantStartQuestAlreadyFinished#0,"""Could not join, <br>party's quest already complete."""
CantStartQuestClearCountLimit#0,"""One or more party members have <br>exceeded the quest clear limit<br>for this quest. Could not accept quest."""
CantStartQuestJustAfterRareEnemyTrigger#0,"""レアエネミートリガーを使用した直後は、<br>新たにクエストを受注することができません。<br>少々時間をおいてから、再度お試しください。<br><br>※新たにクエストを受注しますと、<br>\u3000トリガーアイテムを使用して受注したクエストが<br>\u3000破棄されますのでご注意ください。"""
CantStartQuestJustAfterQuestTrigger#0,"""トリガークエストを受注した直後は、<br>新たにクエストを受注することができません。<br>少々時間をおいてから、再度お試しください。<br><br>※新たにクエストを受注しますと、<br>\u3000トリガーアイテムを使用して受注したクエストが<br>\u3000破棄されますのでご注意ください。"""
CantStartQuestTriggerErrorOccurred#0,"""処理に失敗したため、対象のトリガークエストを<br>受注できませんでした。<br>しばらく時間をおいてから、再度受注してください。"""
CantStartQuestTriggerErrorUseItem#0,"""クエストトリガーを使用できませんでした。<br>しばらく時間をおいてから、再度受注してください。"""
TitielCantStartQuestTriggerReorderTimeOut#0,"""再受注可能時間が終了しています"""
CantStartQuestTriggerReorderTimeOut#0,"""再受注可能時間が終了しているため<br>トリガークエストを受注することが<br>できませんでした。"""
CautionNotSoloParty#0,"""Cannot change block while<br>part of a party."""
CantStartQuestDifferenceCondition#0,"""You do not meet the requirements<br>to join this party."""
CantStartQuestDifferenceConditionLine1#0,"""You cannot join the party or accept<br>this quest for the following reason:<br><br>・$(0)"""
CantStartQuestDifferenceConditionLine2#0,"""You cannot join the party or accept<br>this quest for the following reasons:<br><br>・$(0)<br>・$(1)"""
CantStartQuestDifferenceConditionLine3#0,"""You cannot join the party or accept<br>this quest for the following reasons:<br><br>・$(0)<br>・$(1)<br>・$(2)"""
CantStartQuestDifferenceConditionLine4#0,"""You cannot join the party or accept<br>this quest for the following reasons:<br><br>・$(0)<br>・$(1)<br>・$(2)<br>・$(3)"""
CantStartQuestDifferenceConditionLine5#0,"""You cannot join the party or accept<br>this quest for the following reasons:<br><br>・$(0)<br>・$(1)<br>・$(2)<br>・$(3)<br>・$(4)"""
CantStartQuestDifferenceConditionLine6#0,"""You cannot join the party or accept<br>this quest for the following reasons:<br><br>・$(0)<br>・$(1)<br>・$(2)<br>・$(3)<br>・$(4)<br>・$(5)"""
CantStartQuestDifferenceConditionLine7#0,"""You cannot join the party or accept<br>this quest for the following reasons:<br><br>・$(0)<br>・$(1)<br>・$(2)<br>・$(3)<br>・$(4)<br>・$(5)<br>・$(6)"""
CantStartQuestDifferenceConditionLine8#0,"""You cannot join the party or accept<br>this quest for the following reasons:<br><br>・$(0)<br>・$(1)<br>・$(2)<br>・$(3)<br>・$(4)<br>・$(5)<br>・$(6)<br>・$(7)"""
QuestLevel#0,"""<pict mainclass_icon>Lv.$(0)～"""
QuestSubLevel#0,"""<pict subclass_icon>Lv.$(0)～"""
PartyLevel#0,"""Party level requirement/Lv.$(1)～$(0)"""
FriendOnly#0,"""Friends Only"""
GuildOnly#0,"""Team Members Only"""
PasswordNG#0,"""Incorrect password"""
BurstIntoNG#0,"""The ability to join has been limited by the Quest."""
ReasonEventFlag#0,"""Special Criteria"""
RareAreaNG#0,"""The party is in a special area."""
CantStartQuestTimeLimitOver#0,"""The time limit to start the Quest has expired."""
CapacityOverParty#0,"""Party capacity reached"""
PlatformError#0,"""Platform Error"""
RaidQuestDisable#0,"""Did not defeat required enemies."""
ClearCountLimit#0,"""Surpassed maximum clear count."""
TrainingBlockChallenge#0,"""チャレンジブロックではアークス訓練所クエストを<br>受注することができません。"""
TrainingBlockQuestUnlock#0,"""練習クエスト（アークス訓練所）は<br>クライアントオーダー「自由探索許可申請・森林」の<br>受注時に解放されます。"""
NotHaveQuestTrigger#0,"""Because you have no Quest Triggers, <br>you cannot activate a Trigger Quest."""
TriggerQuestBlockChallenge#0,"""Trigger Quests cannot be accepted <br>on Challenge Blocks."""
CantStartQuestIgnoreQuest#0,"""このクエストは現在、受注できません。 <br>詳しくはプレイヤーズサイトをご確認ください。"""
IgnoreQuest#0,"""このクエストは現在、受注できません。 <br>詳しくはプレイヤーズサイトをご確認ください。"""
QuestDropPenalty#0,"""An [Abandoner Penalty] has been imposed upon one or more party members."""
CantStartQuestDropPenalty#0,"""You cannot join the party or<br>accept the quest for the following reason.<br><br>・[Abandoner Penalty] has been imposed upon a party member."""
CantStartQuestOutExtraQuest#0,"""The campaign period for this quest has ended.<br>Please accept the quest again."""
CantStartQuestInExtraQuest#0,"""The campaign period for this quest is active.<br>Please accept the quest again."""
TitleTraining#0,"""Play Training Quest"""
QuestOutExtra#0,"""The campaign period for this quest has ended.<br>Please accept the quest again."""
QuestInExtra#0,"""The campaign period for this quest is active.<br>Please accept the quest again."""
Title#1,"""Quest Counter"""
TitleCampship#1,"""Quest Counter Terminal"""
Back#0,"""Exit Quest Counter"""
BackCampship#0,"""Exit Quest Counter Terminal"""
QuestSelect#0,"""Select Quest from List"""
PartyListSelect#0,"""Select Party in Quest"""
WatchPartyListSelect#0,"""View Parties in Quest"""
PartyList#0,"""Select Party in Quest"""
FriendPartyList#0,"""-"""
WatchPartyList#0,"""View Parties in Quest"""
WatchFriendPartyList#0,"""-"""
PartyAllList#0,"""All Parties"""
PartyFriendList#0,"""Friends' Parties"""
PartyGuildList#0,"""Team Member Parties"""
PartyReserveList#0,"""Previously selected party"""
MatchingSetting#0,"""Matching Settings"""
PartnerProhibit#0,"""Enter a room that forbids partners."""
TrainingSelect#0,"""Play a Training Quest <pict Fresh>"""
QuestTriggerSelect#0,"""Accept Trigger Quest"""
TriggerQuestReorderPeriod#0,"""クエストトリガーが使用されてから<br>3分以内のため、再受注が可能です。<br><yellow>（残り：$(0)回）<c><br><br>「トリガークエストを受注する」を選ぶと<br>「クエストトリガー」を消費せずに<br>再受注できます。"""
BattleArenaPlaySelect#0,"""Play Battle Arena"""
BattleArenaPlayInfo#0,"""バトルアリーナは、共通シップの<br>バトルアリーナロビーでのみプレイできます。<br>ブロック転送テレポーターから<br><yellow>「共通シップのバトルアリーナロビーへ移動」<c><br>を選択して移動してください。<br><br><br>【共通シップ】<br>異なるシップに所属するプレイヤーと一緒に、<br>チャレンジクエスト、バトルアリーナを<br>プレイできるシップです。<br><red>※フレンドリスト・メール・シンボルアートは<br>\u3000共通シップ専用のデータに切り替わります。<c>"""
Shipbonus#0,"""ARKS Ship Grand Prix Boost Info"""
Gpboost#0,"""Round Boost"""
BoostExplain#0,"""アークスシップ対抗戦のラウンド順位の結果、<br>貢献ポイントへのラウンドブーストが発生中です。"""
BoostPoint#0,"""Daily Boost"""
MyBoostPointValue#0,"""$(0)%"""
BoostUpperLimit#0,"""50％"""
BoostInformation#0,"""Daily Boost Info"""
TitleFreeField#0,"""Free Field Selection"""
TitleRankSelect#0,"""Rank Selection"""
QuestRankName#0,"""$(1)（Lv.$(0)+）"""
CautionNon#0,"""Unknown error.<br><br>Error code [3001]"""
CautionQuestLevelNG2#0,"""The following party members do not meet<br>the field's level requirements:<br><br>・Lv.$(0)+"""
CautionMultiConditionLine1#0,"""Could not enter field.<br> The following conditions were not met:<br><br>$(0)"""
CautionMultiConditionLine2#0,"""Could not enter field.<br> The following conditions were not met:<br><br>$(0)<br>$(1)"""
ReasonPartyLevel#0,"""・Lv.$(0)+"""
ReasonEventFlag#1,"""・Conditions/Client Orders"""
Title#2,"""Quest Type Selection"""
Back#1,"""Return"""
HintNon#0,"""Unknown Error"""
HintNew#0,"""Non-Cleared Quests"""
HelpNon#1,"""Unknown Error"""
HelpMes01#0,"""You will spend an [Extreme Pass]<br>by beginning this quest.<br><br>You can receive an [Extreme Pass] from<br>Administrator Pudding every 22 hours.<br><br>During some emergency trials,<br>recovery effects of items such as<br>Cosmo Atomizers will be decreased.<br>However, recovery effects of revival are not affected."""
HelpMes02#0,"""Experience the compelling story<br>of the mysterious PSO2 universe.<br><br>Visit various places and discover<br>information that will open new paths<br>and reveal the truth.<br><br>Tackle these solo quests and<br>change your history!"""
HelpMes03#0,"""ARKS quests are missions<br>with a specific goal.<br><br>By clearing that goal, you are<br>provided with a reward.<br><br>The goals and payments vary<br>by mission."""
HelpMes04#0,"""Limited Quests are timed limited<br>quests that only appear during a<br>certain period of time.<br><br>Once it's gone, you cannot complete<br><yellow>Client Orders<c> relating to it."""
HelpMes05#0,"""-"""
HelpMes06#0,"""-"""
HelpMes07#0,"""Experience the compelling story<br>of the mysterious PSO2 universe.<br><br>Visit various places and discover<br>information that will open new paths<br>and reveal the truth.<br><br>Tackle these solo quests to<br>change the future and<br>create a different history!"""
HelpMes08#0,"""大会やイベント用に、<br>公式ネットカフェの中でも特定店舗限定で<br>公開されているクエストです。 """
HelpMes09#0,"""-"""
HelpMes10#0,"""-"""
HelpMes11#0,"""Advance Quests need Advance Capsules<br>for each particular type of quest.<br><br>By clearing an Advance Quest,<br>your risk rises in that mission.<br><br>The mission's difficulty depends on the risk accumulated by the party leader.<br><br>Additionally, the risk resets each week."""
HelpMes12#0,"""Free Fields allow for the exploration<br>of certain fields without restriction<br>on time or an objective. Once you've<br>reached the deepest regions of the field,<br>you will fight a powerful enemy."""
HelpMes13#0,"""Compete with other players<br>for the fastest times.<br><br>Quests are non-randomized<br>to ensure fairness.<br><br>Record your time attack<br>and check your rankings!"""
HelpMes14#0,"""Time-limited Emergency Quests.<br><br>Includes missions such as repelling <br>enemies invading the city area.<br><br>Party play recommended<br>as many of these missions will have <br>a high level of difficulty."""
CautionNon#1,"""Unknown error.<br><br>Error code [3002]"""
CautionNothingQuest#0,"""This quest type has no quests right now."""
CautionNonChallengeArea#0,"""チャレンジクエストは、「共通シップ」または<br>「チャレンジブロック」でのみ受注できます。<br>ブロック転送テレポーターから移動してください。<br><br>【共通シップとは？】<br>\u3000異なるシップに所属するプレイヤーと一緒に、<br>\u3000チャレンジクエストやバトルアリーナを<br>\u3000プレイできる専用のシップです。<br><yellow>※フレンドリスト・メール・シンボルアートは<br>\u3000共通シップ専用に切り替わります。<c><br><br>【チャレンジブロックとは？】<br>\u3000チャレンジクエストを受注できるブロックです。<br>\u3000受注できるクエストは共通シップと同じです。"""
CautionNonContestArea#0,"""「アークスGP2016予選」を公開中です。<br>今回のアークスGPクエストは、共通シップ<br>またはチャレンジブロックで受注できます。<br>ブロック転送テレポーターから移動して下さい。<br><br>「アークスGP2016予選」では<br>キャンプシップ内の「クラスセット端末」から<br>ハンタータイプ、レンジャータイプなど<br>各クラスの装備、クラススキルのセットを<br>選んでプレイすることができます。 """
CautionNonContestArea_NetCafe#0,"""ネットカフェ限定のクエストを公開中です。<br>共通シップまたはチャレンジブロックでのみ<br>受注できます。<br>ブロック転送テレポーターから移動して下さい。<br><br>【共通シップ】<br>異なるシップに所属するプレイヤーと一緒に、<br>クエストをプレイできるシップです。<br><yellow>※フレンドリスト・メール・シンボルアートは<br>\u3000共通シップ専用のデータに切り替わります。<c><br><br>【チャレンジブロック】<br>対象クエストを受注できるブロックです。<br>受注できるクエストは共通シップと同じです。"""
CautionNonPokaArea#0,"""バトルアリーナは、「共通シップ」でのみプレイできます。<br>以下のいずれかの方法で、共通シップに<br>移動してください。<br><br>・クエストカウンターのトップメニューから<br>\u3000<yellow>「バトルアリーナをプレイする」<c>を選択<br><br>・ブロック転送テレポーターから<br>\u3000<yellow>「共通シップのバトルロビーへ移動」<c>を選択<br><br>・クイックメニューから<yellow>「共通シップへ行く」<c>を選択<br><br>【共通シップとは？】<br>\u3000異なるシップに所属するプレイヤーと一緒に、<br>\u3000バトルアリーナやチャレンジクエストを<br>\u3000プレイできる専用のシップです。"""
ChallengeName#0,"""Challenge Quest"""
HelpMes15#0,"""レベル・装備・アイテムなどの<br>初期ステータスを統一した環境で行う<br>仮想空間（ＶＲ）での訓練クエストです。<br>ＶＲエネルギーが無くなる前に<br>指定されたミッション数のクリアを<br>目指すクエストとなります。<br><br>受注時、全員同じステータスに統一される為<br>プレイヤー自身の実力と<br>プレイヤー間の連携が重要です。"""
HelpMes16#0,"""PHANTASY STAR ONLINE2 の世界の<br>謎に迫る物語のエピソード3を<br>体験するクエストです。<br><br>日常的に各地を回り、情報を集めていると<br>それらの情報を元に、新たな道を発見し<br>新事実や真相に近づいていきます。<br><br>あなただけの歴史を紡ぎ出すため<br>あなた一人で挑むクエストとなります。"""
HelpMes17#0,"""Recommended Quests are quests that are changed every day, and usually have boosts or are part of a campaign.<br><br>You can play the Recommended Quest regardless of whether you have it unlocked or not."""
HelpMes18#0,"""Investigate an abnormal corruption in the designated area.<br><br>You can complete the quest by earning points from defeating enemies.<br><br>Because of the very high degree of difficulty, you must meet certain conditions."""
HelpMes19#0,"""A limited-time ARKS GP Quest<br>which can be accepted from a<br>challenge block.<br>Cannot be accepted after a set date.<br>You can earn Challenge Miles<br>by clearing this quest.<br><br>[Notice]<br>Please check the Players Site<br>for ARKS GP entry methods<br>and regulations."""
HelpMes20#0,"""他のクエストよりも<br>大量の経験値やメセタ<br>レアなアイテムドロップが<br>期待できるソロプレイ専用クエストです。<br><br>クエストを開始時に、<br>設定されたランクに応じた<br>「ボーナスキー」を消費します。<br><br>「ボーナスキー」は一部おすすめクエストを<br>Aランク以上でクリアすることで<br>低確率で手に入ります。"""
HelpMes21#0,"""PHANTASY STAR ONLINE2 の世界の<br>謎に迫る物語のエピソード4を<br>体験するクエストです。"""
HelpMes22#0,"""<c 6eff7c>練習クエスト（アークス訓練所）へ、ようこそ！<c><br><br>ここでは、『PSO2』の基本的な戦闘操作を<br>実戦形式で練習できます。<br><br>まずは、この「共通訓練」をプレイしましょう！<br><br>※練習クエストでは、あなたのキャラクターの<br>\u3000<yellow>強さや装備が専用の設定になります。<c><br>\u3000また、倉庫も利用できません。<br><br>※終了後、別のブロックに戻ることがあります。"""
HelpMes23#0,"""クラス「ハンター」の戦闘操作や技術を<br>実戦形式で練習できます。<br><br>「ハンター」は、<br>ソードやパルチザンなどの打撃武器で戦う<br>近接攻撃が得意なクラスです。<br><br>※練習クエストでは、あなたのキャラクターの<br>\u3000<yellow>強さや装備が専用の設定になります。<c><br>\u3000また、倉庫も利用できません。<br><br>※終了後、別のブロックに戻ることがあります。"""
HelpMes24#0,"""クラス「レンジャー」の戦闘操作や技術を<br>実戦形式で練習できます。<br><br>「レンジャー」は、<br>アサルトライフルなどの射撃武器で戦う<br>遠距離攻撃が得意なクラスです。<br><br>※練習クエストでは、あなたのキャラクターの<br>\u3000<yellow>強さや装備が専用の設定になります。<c><br>\u3000また、倉庫も利用できません。<br><br>※終了後、別のブロックに戻ることがあります。"""
HelpMes25#0,"""クラス「フォース」の戦闘操作や技術を<br>実戦形式で練習できます。<br><br>「フォース」は、<br>魔法のような「テクニック」で戦う<br>遠距離攻撃が得意なクラスです。<br><br>※練習クエストでは、あなたのキャラクターの<br>\u3000<yellow>強さや装備が専用の設定になります。<c><br>\u3000また、倉庫も利用できません。<br><br>※終了後、別のブロックに戻ることがあります。"""
HelpMes26#0,"""クラス「ファイター」の戦闘操作や技術を<br>実戦形式で練習できます。<br><br>「ファイター」は、<br>ナックルやツインダガーなどの打撃武器で戦う<br>近接攻撃が得意なクラスです。<br><br>※練習クエストでは、あなたのキャラクターの<br>\u3000<yellow>強さや装備が専用の設定になります。<c><br>\u3000また、倉庫も利用できません。<br><br>※終了後、別のブロックに戻ることがあります。"""
HelpMes27#0,"""クラス「ガンナー」の戦闘操作や技術を<br>実戦形式で練習できます。<br><br>「ガンナー」は、<br>ツインマシンガンなどの射撃武器で戦う<br>近～中距離攻撃が得意なクラスです。<br><br>※練習クエストでは、あなたのキャラクターの<br>\u3000<yellow>強さや装備が専用の設定になります。<c><br>\u3000また、倉庫も利用できません。<br><br>※終了後、別のブロックに戻ることがあります。"""
HelpMes28#0,"""クラス「テクター」の戦闘操作や技術を<br>実戦形式で練習できます。<br><br>「テクター」は、<br>ウォンドでの直接攻撃やテクニック攻撃、<br>また補助行動が得意なクラスです。<br><br>※練習クエストでは、あなたのキャラクターの<br>\u3000<yellow>強さや装備が専用の設定になります。<c><br>\u3000また、倉庫も利用できません。<br><br>※終了後、別のブロックに戻ることがあります。"""
HelpMes29#0,"""クラス「ブレイバー」の戦闘操作や技術を<br>実戦形式で練習できます。<br><br>「ブレイバー」は、<br>カタナやバレットボウなどの武器で戦う<br>近接・遠距離攻撃が得意なクラスです。<br><br>※練習クエストでは、あなたのキャラクターの<br>\u3000<yellow>強さや装備が専用の設定になります。<c><br>\u3000また、倉庫も利用できません。<br><br>※終了後、別のブロックに戻ることがあります。"""
HelpMes30#0,"""クラス「バウンサー」の戦闘操作や技術を<br>実戦形式で練習できます。<br><br>「バウンサー」は、デュアルブレードや<br>ジェットブーツ、テクニックなどの<br>トリッキーな攻撃が得意なクラスです。<br><br>※練習クエストでは、あなたのキャラクターの<br>\u3000<yellow>強さや装備が専用の設定になります。<c><br>\u3000また、倉庫も利用できません。<br><br>※終了後、別のブロックに戻ることがあります。"""
HelpMes31#0,"""クラス「サモナー」の戦闘操作や技術を<br>実戦形式で練習できます。<br><br>「サモナー」は、ペットを育成して<br>タクトで指示して戦わせることができる<br>育成要素を重視したクラスです。<br><br>※練習クエストでは、あなたのキャラクターの<br>\u3000<yellow>強さや装備が専用の設定になります。<c><br>\u3000また、倉庫も利用できません。<br><br>※終了後、別のブロックに戻ることがあります。"""
HelpMes32#0,"""発生していない緊急クエストなど<br>通常時では受注できないクエストを<br>受注できるようになります。<br><br>クエストの受注時に設定された<br>クエストに応じた「トリガーアイテム」を<br>消費します。<br><br><yellow>トリガーアイテムを消費したプレイヤーが<br>クエストを破棄すると、同じルームにいる<br>全員がクエストを破棄されます。<c>"""
HelpMes33#0,"""制限時間内により多くのスコアを<br>獲得することを目的としたクエストです。<br><br>日替わりで受注できるクエストが<br>更新され、舞台となるフィールドや<br>ギミックが変化します。<br><br>また、ハイスコアは<br>クエスト・難易度別で集計されます。"""
HelpMes34#0,"""大会やイベント用に特定店舗限定で<br>公開されているアークスＧＰクエストです。<br>クエストクリアするとチャレンジマイルを<br>獲得できます。"""
HelpMes35#0,"""Title 1"""
HelpPokaQuestSurmmary#0,"""バトルアリーナは、他のアークスたちと<br>戦闘の腕前を競い合う訓練施設です。<br><br>レベル・装備・アイテムなどのステータスは<br>バトルアリーナ専用の設定になります。<br><br>勝負するだけでもらえる「バトルコイン」で<br>色々なアイテムを購入することができます。<br>勝ち続けると「バトルランキング」が上昇し、<br>豪華なランキング報酬を獲得できます。"""
HelpMes36#0,"""Title 2"""
HelpMes37#0,"""Title 3"""
HelpMes38#0,"""\""-\"""""
HelpMes39#0,"""\""-\"""""
HelpMes40#0,"""\""-\"""""
Title#3,"""Episode Select"""
ItemName#0,"""Episode $(0)"""
Title#4,"""Quest Selection"""
TitlePartyInfoEntry#0,"""Party Information Menu"""
TitleRareEnemyCoin#0,"""Using Rare Enemy Trigger"""
Back#2,"""Return"""
Remove#0,"""Remove"""
DoNotUse#0,"""Don't use anything"""
TitleCommandSelect#0,"""-"""
CreateNewRoom#0,"""Quick Start"""
LookPartyList#0,"""View Parties in Quest"""
SelectPartyList#0,"""Join a party on current block"""
SelectOtherBlockPartyList#0,"""Join a party on another block"""
QuickStart#0,"""Quick Start"""
LookMyCost#0,"""Check Advance Risk (Current +$(0))"""
LookQuestRecord#0,"""View Quest Records"""
MatchingSetting#1,"""Matching Settings"""
ExtraQuestConfirm#0,"""Campaign Content"""
HintNon#1,"""Unknown Error"""
HintEnemy#0,"""Enemy"""
HintPlayTimeShort#0,"""Estimated Playtime: Short"""
HintPlayTimeNormal#0,"""Estimated Playtime: Average"""
HintPlayTimeLong#0,"""Estimated Playtime: Long"""
HintMeseta#0,"""Estimated Meseta Reward"""
HintMesetaExp#0,"""Experience Reward"""
HintNew#1,"""Non-Cleared Quests"""
HintClear#0,"""Already Cleared Quest"""
HintProgressStory#0,"""Story Quest in Progress"""
HintClientOrder#0,"""Client Order"""
HintMatter#0,"""Matter Objective Quest"""
HintSoloQuest#0,"""Solo Quest"""
HintSinglePartyQuest#0,"""Single Party Quest"""
HintMultiPartyQuest#0,"""Multi Party Quest"""
HintBoostExp#0,"""Exp Rate"""
HintBoostMeseta#0,"""Meseta Rate"""
HintBoostDrop#0,"""Rare Drop Rate"""
HintBoostEnemy#0,"""Rare Enemy Appearance"""
HintBoostChallenge#0,"""Final Challenge Miles Earned"""
HintBoostGatFever#0,"""ギャザリングフィーバー確率"""
HintRecommendGift#0,"""Chance to receive a present upon completion"""
HintGatIcon#0,"""Gathering Quest"""
HintEmblemBoost#0,"""Acquired Battle Coin $(0)"""
HintExtraQuest#0,"""Campaign Quests"""
SortNon#0,"""Default Sort"""
SortQuestKind1#0,"""Multi Party Quest"""
SortQuestKind2#0,"""Single Party Quest"""
SortQuestKind3#0,"""Solo Quest"""
SortNew#0,"""Non-Cleared Quests"""
SortClientOrder#0,"""Client Order Objective Quests"""
CautionNon#2,"""Unknown Error"""
CautionQuestLimitTimeOver#0,"""The time limit to start the Quest has expired."""
CautionExtraQuestLimit#0,"""The campaign contents of this quest have changed.<br>Please accept the quest again."""
CautionQuestLevelNG#0,"""Does not meet quest requirements."""
CautionQuestLevelNG2#1,"""Quest cannot be selected, not all<br>party members meet the following <br>requirements.<br><br>・Lv.$(0)+"""
CautionMultiConditionLine1#1,"""Could not accept quest.<br>One or more party members failed <br>to meet the following requirement:<br><br>$(0)"""
CautionMultiConditionLine2#1,"""Could not accept quest.<br>One or more party members failed <br>to meet the following requirements:<br><br>$(0)<br>$(1)"""
CautionMultiConditionLine3#0,"""Could not accept quest.<br>One or more party members failed <br>to meet the following requirements:<br><br>$(0)<br>$(1)<br>$(2)"""
CautionMultiConditionLine4#0,"""Could not accept quest.<br>One or more party members failed <br>to meet the following requirements:<br><br>$(0)<br>$(1)<br>$(2)<br>$(3)"""
CautionMultiConditionLine5#0,"""パーティーメンバー全員が<br>以下の条件を満たしていないため<br>このクエストは受注できません。<br><br>$(0)<br>$(1)<br>$(2)<br>$(3)<br>$(4)"""
CautionQuestPartyMemberMax#0,"""This quest cannot include more than<br>$(0) party members."""
CautionQuestPartyMemberJoinMax#0,"""Could not join party because <br>it would exceed $(0) members."""
CautionQuestPlatform#0,"""パーティーメンバー全員が<br>以下の受注条件を満たしていないため<br>このクエストは受注できません。<br><br>$(0)"""
CautionQuestRaidQuest#0,"""クエスト条件を満たしていないため、<br>受注できません。"""
CautionQuestClearCountLimit#0,"""Cannot accept quest.<br>Quest clear limit has been surpassed."""
ReasonPartyLevel#1,"""・<pict mainclass_icon>Lv.$(0)～"""
ReasonPartySubLevel#0,"""・<pict subclass_icon>Lv.$(0)～"""
ReasonPartyMax#0,"""・Party count $(0)"""
ReasonEventFlag#2,"""・Conditions/Client Orders"""
ReasonClearCountLimit#0,"""Clear Count Limit"""
EnemyLevel#0,"""Lv. $(0)+"""
EnemyLevelRange#0,"""Lv. $(1)～$(0)"""
EnemyLevelUnknown#0,"""Lv. ???"""
TitleNon#1,"""Unknown Error"""
TitleNewRoom#0,"""Quick Start"""
TitleQuickStart#0,"""Quick Start"""
AttentionNon#1,"""Unknown error.<br><br>Error code [3003]"""
AttentionNewRoom#0,"""You're attempting to start a new quest.<br><br>All progress in your current <br>quest will be discarded.<br>Continue?"""
AttentionNewRoom_ex#0,"""Accepting new quest.<br><br>If you accept, the current quest will be cancelled.<br><br><red>The meseta and items you used to accept this quest will not be returned.<c><br><br>Would you like to accept the quest?"""
AttentionQuickStart#0,"""You're attempting to start a new quest.<br><br>All progress in your current <br>quest will be discarded.<br>Continue?"""
AttentionQuickStart_ex#0,"""Accepting new quest.<br><br>If you accept, the current quest will be cancelled.<br><br><red>The meseta and items you used to accept this quest will not be returned.<c><br><br>Would you like to accept the quest?"""
MyInformationTitle#0,"""Advance Risk Status"""
MyInformationMessage#0,"""Advance Risk:+$(0)<br>Reset time:$(1)<br><br>Advance risk is reset weekly."""
MyInfomationNone#0,"""None"""
ClosableQuestDifficult#0,"""Current stage / Stage $(0)<br><br><c ffff00>Will reset when you clear stage $(1).<c>"""
ClosableQuestDifficult2#0,"""Current stage / None<br><br><c ffff00>Will reset when you reach stage $(0).<c>"""
ClosableQuestDifficult3#0,"""Current stage / Stage $(0)<br><br><c ffff00>Will not reset when you clear the stage.<c>"""
ClosableQuestDifficult4#0,"""Current stage / None<br><br><c ffff00>Will reset when you clear the stage.<c>"""
TitleApcCompanion#0,"""Making a New Room"""
MessageApcCompanion#0,"""You have one or more Client Orders<br>that require you to accompany a<br>specific partner character.<br>It is recommended that you make a<br>new room when carrying out such orders.<br><br>Do you want to make a new room?<br><br>※If you select No, you will accept<br>the quest without making a new room."""
MessageApcCompanion2#0,"""特定のパートナーキャラクターを<br>同行させるクライアントオーダーを<br>受注しています。<br>このクライアントオーダーを行う場合は<br>新規ルームの作成をおすすめします。<br><br>新規ルームの作成を行いますか？<br><br>※「いいえ」を選択すると、新規ルームの<br>\u3000作成を行わずにクエストを受注します。<br><br><c ff0000>※参加歓迎が選択されています。<br>参加者が現れた場合、<br>パートナーキャラクターが帰還する可能性があります。<br>帰還させたくない場合は参加歓迎を選択せずに<br>クエストを再受注してください。"""
CheckMyBestTime#0,"""View Your Fastest Time"""
PcMyBestTime#0,"""“PC”版（4人）\u3000\u3000\u3000\u3000/\u3000$(0)分$(1)秒$(2)<br>“PS Vita”版（2人）\u3000/ \u3000なし<br><br>※クリアタイムは下記パーティー構成にて<br>\u3000記録されます。<br><br>\u3000“PC”版\u3000\u3000\u3000\u3000…“PC”版のみで4人<br>\u3000“PS Vita”版\u3000 …“PS Vita”版のみで2人<br><br><red>※上記以外のパーティー構成や<br>\u3000クエスト中にパーティーを変えた場合は<br>\u3000クリアタイムを記録しません。<c>"""
VitaMyBestTime#0,"""“PC”版（4人）/\u3000なし<br>“PS Vita”版（2人）\u3000/\u3000$(0)分$(1)秒$(2)<br><br>※クリアタイムは下記パーティー構成にて<br>\u3000記録されます。<br><br>\u3000“PC”版\u3000\u3000\u3000\u3000…“PC”版のみで4人<br>\u3000“PS Vita”版\u3000 …“PS Vita”版のみで2人<br><br>\u3000<red>※上記以外のパーティー構成や<br>\u3000クエスト中にパーティーを変えた場合は<br>\u3000クリアタイムを記録しません。<c>"""
PcVitaMyBestTime#0,"""“PC”版（4人）\u3000\u3000\u3000\u3000/\u3000$(0)分$(1)秒$(2)<br>“PS Vita”版（2人）\u3000/\u3000$(3)分$(4)秒$(5)<br><br>※クリアタイムは下記パーティー構成にて<br>\u3000記録されます。<br><br>\u3000“PC”版\u3000\u3000\u3000\u3000…“PC”版のみで4人<br>\u3000“PS Vita”版\u3000 …“PS Vita”版のみで2人<br><br><red>※上記以外のパーティー構成や<br>\u3000クエスト中にパーティーを変えた場合は<br>\u3000クリアタイムを記録しません。<c>"""
NonMyBestTime#0,"""“PC”版（4人） \u3000\u3000\u3000\u3000/\u3000 なし<br>“PS Vita”版（2人） \u3000/\u3000 なし<br><br>※クリアタイムは下記パーティー構成にて<br>\u3000記録されます。<br><br>\u3000“PC”版\u3000\u3000\u3000\u3000…“PC”版のみで4人<br>\u3000“PS Vita”版\u3000 …“PS Vita”版のみで2人<br><br><red>※上記以外のパーティー構成や<br>\u3000クエスト中にパーティーを変えた場合は<br>\u3000クリアタイムを記録しません。<c>"""
AttentionNewRoom_HighLevelQuest#0,"""<red>このクエストは「破棄ペナルティー」対象です！<br>破棄すると他のプレイヤーに迷惑がかかるため、<br>発生中の緊急クエストを再受注できなくなります。<br>また、強制的に別ブロックへの移動が行われます。<c><br><br>このクエストの再受注を試みても、<br>別ブロックに移動後、再受注は失敗します。<br><br>他のクエストを受注する場合は、<br>別ブロックに移動後、そのクエストを受注できます。<br><br>「破棄ペナルティー」を受け、クエストを破棄します。<br>よろしいですか？"""
TitleExtraQuestConfirm#0,"""Campaign Content"""
Close#0,"""Close"""
EnterPartyInfo#0,"""Input Party Info"""
Cancel#0,"""Cancel"""
Yes#0,"""Yes"""
No#0,"""No"""
AddEnemyRule#0,"""Add Enemy Rules"""
AddPlayerRule#0,"""Add Player Rules"""
AddDropItem#0,"""Primary Drop Items"""
ExtraQuestConfirmText#0,"""<c ffff00>The following quest and conditions will be accepted.<c><br>Continue?"""
ExtraQuestConfirmText2#0,"""<c ffff00>The following quest and conditions will be accepted.<c><br><br>Currently accepted quests will be abandoned.<br>Continue?"""
Title#5,"""Quest Information"""
TitleQuestRank#0,"""Quest name"""
TitleQuestTarget#0,"""Quest Objective"""
TitleQuestType#0,"""Quest Type"""
TitleQuestDetail#0,"""Quest Details"""
TitlePlanet#0,"""Planet"""
TitleArea#0,"""Location"""
TitleQuestKind#0,"""Quest Type"""
TitlePartyInvite#0,"""Party invitation"""
TitleApc#0,"""Partner Chars."""
TitleEnemyInfo#0,"""Enemy Info"""
TitleTargetEnemy#0,"""Target Enemy"""
TitleEnemy#0,"""Enemies Present"""
TitleDropItem#0,"""Available Items"""
TitlePartyLevel#0,"""Quest Requirements"""
TitleTimeLimit#0,"""Limit"""
TitleEnemyLevel#0,"""Enemy Level"""
QuestLevel#1,"""<pict mainclass_icon>Lv.$(0)～"""
QuestLevel_SubLimit#0,"""<pict mainclass_icon>Lv.$(0)～ <pict subclass_icon>Lv.$(1)～"""
QuestLevelNon#0,"""No level requirement"""
QuestKindSoro#0,"""Solo Quest"""
QuestKindSingleParty#0,"""Single Party Quest"""
QuestKindMultiParty#0,"""Multi Party Quest"""
ApcOK#0,"""OK"""
ApcNG#0,"""No"""
PartyInviteOK#0,"""OK"""
PartyInviteNG#0,"""No"""
TimeLimitNon#0,"""None"""
TimeLimit#0,"""Time Limit: """
ExpLimit#0,"""<yellow>EXP Penalty<c>"""
TargetEnemyEtc#0,"""$(0) et al."""
TargetEnemyNon#0,"""None"""
UnknownEnemy#0,"""???"""
EnemyNameList#0,"""$(0)<br>$(1)"""
Tab_QuestInfo#0,"""Quest Info"""
Tab_EnemyItem#0,"""Enemy/Item Info"""
TitleText#0,"""Quest Description"""
TitleExp#0,"""EXP Penalty"""
ExpLimitText#0,"""<yellow>Member below level threshold<c>"""
ExpLimitNon#0,"""None"""
TimeLimitTitle#0,"""Time Limit"""
Title#6,"""Rank Selection"""
TitlePartyInfoEntry#1,"""Party Information Menu"""
Back#3,"""Return"""
TitleCommandSelect#1,"""-"""
CreateNewRoom#1,"""Quick Start"""
LookPartyList#1,"""View Parties in Quest"""
SelectPartyList#1,"""Join a party on current block"""
SelectOtherBlockPartyList#1,"""Join a party on another block"""
QuickStart#1,"""Quick Start"""
LookQuestRecord#1,"""View Quest Records"""
MatchingSetting#2,"""Matching Settings"""
QuestDifficult#0,"""View Personal Quest Status"""
ConfirmHighScore#0,"""High Score"""
ConfirmExtraQuest#0,"""Campaign Content"""
HintNon#2,"""Unknown Error"""
HintClear#1,"""Already Cleared Quest"""
HintEnemy#1,"""Enemy"""
HintClientOrder#1,"""Client Order Objective Quests"""
HintMatter#1,"""Matter Objective Quest"""
HintExtraQuest#1,"""Campaign Quests"""
CautionNon#3,"""Unknown Error"""
CautionNothingRank#0,"""Rank unavailable for this quest."""
CautionQuestLimitTimeOver#1,"""The time limit to start the Quest has expired."""
CautionQuestLevelNG#1,"""Does not meet quest requirements."""
CautionQuestLevelNG2#2,"""Could not select quest, not all<br>party members meet the following requirements:<br><br>・Lv.$(0)+"""
CautionMultiConditionLine1#2,"""Could not select quest, not all<br>party members meet the following requirements:<br><br>$(0)"""
CautionMultiConditionLine2#2,"""Could not select quest, not all<br>party members meet the following requirements:<br><br>$(0)<br>$(1)"""
CautionMultiConditionLine3#1,"""Could not select quest, not all<br>party members meet the following requirements:<br><br>$(0)<br>$(1)<br>$(2)"""
CautionMultiConditionLine4#1,"""Could not select quest, not all<br>party members meet the following requirements:<br><br>$(0)<br>$(1)<br>$(2)<br>$(3)"""
CautionMultiConditionLine5#1,"""パーティーメンバー全員が<br>以下の受注条件を満たしていないため<br>このランクは受けられません。<br><br>$(0)<br>$(1)<br>$(2)<br>$(3)<br>$(4)"""
CautionMultiConditionLine6#0,"""パーティーメンバー全員が<br>以下の受注条件を満たしていないため<br>このランクは受けられません。<br><br>$(0)<br>$(1)<br>$(2)<br>$(3)<br>$(4)<br>$(5)"""
CautionQuestPlatform#1,"""Could not select quest, not all<br>party members meet the following requirements:<br><br>$(0)"""
CautionQuestRaidQuest#1,"""クエスト条件を満たしていないため、<br>受注できません。"""
CautionQuestClearCountLimit#1,"""Cannot accept quest.<br>Quest clear limit has been surpassed."""
ReasonPartyLevel#2,"""・<pict mainclass_icon>Lv.$(0)～"""
ReasonPartySubLevel#1,"""・<pict subclass_icon>Lv.$(0)～"""
ReasonPartyMax#1,"""・Party count $(0)"""
ReasonEventFlag#3,"""・Conditions/Client Orders"""
ReasonClearCountLimit#1,"""Clear Count Limit"""
EnemyLevel#1,"""Lv. $(0)+"""
EnemyLevelNon#0,"""-"""
EnemyLevelUnknown#1,"""Lv. ???"""
TitleNon#2,"""Unknown Error"""
TitleNewRoom#1,"""Quick Start"""
TitleQuickStart#1,"""Quick Start"""
AttentionNon#2,"""Unknown error.<br><br>Error code [3004]"""
AttentionNewRoom#1,"""You're attempting to start a new quest.<br><br>All progress in your current <br>quest will be discarded.<br>Continue?"""
AttentionNewRoom_ex#1,"""Accepting new quest.<br><br>If you accept, the current quest will be cancelled.<br><br><red>The meseta and items you used to accept this quest will not be returned.<c><br><br>Would you like to accept the quest?"""
AttentionNewRoom_TriggerQuest#0,"""クエストを受注します。<br><br>マルチパーティーも含め現在受注中のクエストに<br>参加している全員がクエスト破棄となります。<br>※トリガークエストの再受注可能時間<br>\u3000または回数が残っている場合に限ります。<br><br>よろしいですか？"""
AttentionQuickStart#1,"""You're attempting to start a new quest.<br><br>All progress in your current <br>quest will be discarded.<br>Continue?"""
AttentionQuickStart_ex#1,"""Accepting new quest.<br><br>If you accept, the current quest will be cancelled.<br><br><red>The meseta and items you used to accept this quest will not be returned.<c><br><br>Would you like to accept the quest?"""
MyInformationTitle#1,"""Advance Risk Status"""
MyInformationMessage#1,"""Advance Risk:+$(0)<br>Reset time:$(1)<br><br>Advance risk is reset weekly."""
MyInfomationNone#1,"""None"""
ClosableQuestDifficult#1,"""Current stage / Stage $(0)<br><br><c ffff00>Will reset when you clear stage $(1).<c>"""
ClosableQuestDifficult2#1,"""Current stage / None<br><br><c ffff00>Will reset when you reach stage $(0).<c>"""
ClosableQuestDifficult3#1,"""Current stage / Stage $(0)<br><br><c ffff00>Will not reset when you clear the stage.<c>"""
ClosableQuestDifficult4#1,"""Current stage / None<br><br><c ffff00>Will reset when you clear the stage.<c>"""
ClosableQuestDifficultClearNum#0,"""This quest is limited to how often it can be cleared.<br><br>Can Be Cleared $(0) Times / $(1) Play(s) Left<br><br><c ffff00>Limit resets Wednesday at 13:00 JST.<c>"""
ClosableQuestDifficultClearNum2#0,"""This quest is limited to how often it can be cleared.<br><br>Can Be Cleared $(0)Times\u3000/ 0 Plays Left<br><red>Cannot accept. You have reached the limit.<c><br><br><c ffff00>Limit resets Wednesday at 13:00 JST.<c>"""
TitleApcCompanion#1,"""Making a New Room"""
MessageApcCompanion#1,"""Client Orders or events that<br>require specific NPC partners<br>are currently in progress.<br><br>If you decide to play with them,<br>we recommend starting a new room.<br><br>Would you like to create a new room?"""
MessageApcCompanion2#1,"""特定パートナーキャラクターを<br>同行させるクライアントオーダー<br>または、その他イベントを進行中です。<br>それらをプレイする場合は<br>新規ルームの作成をおすすめします。<br><br>新規ルームの作成を行いますか？<br><br>※「いいえ」を選択すると、新規ルームの<br>作成を行わずにクエストを受注します。<br><br><c ff0000>※参加歓迎が選択されています。<br>参加者が現れた場合、<br>パートナーキャラクターが帰還する可能性があります。<br>帰還させたくない場合は参加歓迎を選択せずに<br>クエストを再受注してください。"""
TitleQuestTriggerConsumption#0,"""クエストトリガー消費確認"""
MessageQuestTriggerConsumption#0,"""このトリガークエストを受注すると、<br>以下のアイテムが消費されます。<br><br>対象アイテム： <pict qt_icon>$(0)<br><br>※受注後の予期せぬトラブル対策として<br>\u30003分以内に3回までなら再受注可能です。<br><br><yellow>あなたが再受注可能時間内にこのクエストから<br>離脱すると、クエストに参加している全員が<br>クエスト破棄となりますのでご注意ください。<c><br><br>また、クエスト破棄や回線切断など、<br>いかなる理由でも消費されたクエストトリガーは<br>戻りませんので、ご了承ください。<br><br>クエストを受注してよろしいですか？"""
TitleQuestTriggerReorderConfirm#0,"""再受注確認"""
MessageQuestTriggerReorderConfirm#0,"""トリガークエストを再受注します。<br><br><green>※アイテムを消費せず再受注できます。<c><br><br><yellow>あなたがこのクエストから離脱すると、<br>クエストに参加している全員がクエスト破棄と<br>なりますのでご注意ください。<c><br><br>また、クエスト破棄や回線切断など、<br>いかなる理由でも消費されたクエストトリガーは<br>戻りませんので、ご了承ください。<br><br>クエストを再受注してよろしいですか？"""
RidingQuestPoint#0,"""$(0)pt"""
RidingQuestPointTime#0,"""($(0))"""
AttentionNewRoom_HighLevelQuest#1,"""<red>このクエストは「破棄ペナルティー」対象です！<br>破棄すると他のプレイヤーに迷惑がかかるため、<br>発生中の緊急クエストを再受注できなくなります。<br>また、強制的に別ブロックへの移動が行われます。<c><br><br>このクエストの再受注を試みても、<br>別ブロックに移動後、再受注は失敗します。<br><br>他のクエストを受注する場合は、<br>別ブロックに移動後、そのクエストを受注できます。<br><br>「破棄ペナルティー」を受け、クエストを破棄します。<br>よろしいですか？"""
Title#7,"""Quest Record"""
TitleItemRecord#0,"""Item Record"""
TitleElementRecord#0,"""Special Ability Record"""
TitleEnemyRecord#0,"""Enemy Record"""
Back#4,"""Return"""
RecordInfo#0,"""Based on the past $(0) days"""
ItemRecord#0,"""Item Record"""
ElementRecord#0,"""Special Ability Record"""
EnemyRecord#0,"""Enemy Record"""
CautionNon#4,"""Unknown error.<br><br>Error code [3005]"""
CautionNothingItemRecord#0,"""Item Record currently unavailable."""
CautionNothingElementRecord#0,"""Ability Record currently unavailable."""
CautionNothingEnemyRecord#0,"""Enemy Record currently unavailable."""
Title#8,"""Enemy Record"""
Back#5,"""Return"""
SortNon#1,"""Default Sort"""
EnemyRate#0,"""$(0)%"""
Title#9,"""Special Ability Record"""
Back#6,"""Return"""
SortNon#2,"""Default Sort"""
ElementCount#0,"""$(0) times"""
Title#10,"""Item Record"""
Back#7,"""Return"""
SortNon#3,"""Default Sort"""
ItemDiskLevel#0,"""$(0) Lv.$(1)"""
ItemCount#0,"""$(0) times"""
Title#11,"""Party Selection"""
TitlePartyInfoEntry#2,"""Party Information Menu"""
Back#8,"""Return"""
PrevPage#0,"""Previous"""
NextPage#0,"""Next"""
AnotherParty#0,"""Participate as Another Party"""
JoinParty#0,"""Join Party"""
TitleNon#3,"""Unknown Error"""
TitleAnotherParty#0,"""Participate as Another Party"""
TitleJoinParty#0,"""Party Join"""
AttentionNon#3,"""Unknown Error"""
AttentionAnotherParty#0,"""クエストを受注します。<br><br>受注中のクエストがある場合は破棄されます。<br>よろしいですか？"""
AttentionAnotherParty_ex#0,"""クエストを受注します。<br><br>受注中のクエストがある場合は破棄されます。<br><br><red>クエストを開始するために消費した<br>メセタやアイテムは返却されませんので、<br>ご注意ください。<c><br><br>クエストを受注しますか？"""
AttentionAnotherPartyPass#0,"""クエストを受注します。<br><br>受注中のクエストがある場合は破棄されます。<br>よろしいですか？"""
AttentionAnotherPartyPass_ex#0,"""クエストを受注します。<br><br>受注中のクエストがある場合は破棄されます。<br><br><red>クエストを開始するために消費した<br>メセタやアイテムは返却されませんので、<br>ご注意ください。<c><br><br>クエストを受注しますか？"""
AttentionJoinParty#0,"""このパーティーに参加します。<br><br>受注中のクエストがある場合は破棄されます。<br>よろしいですか？"""
AttentionJoinParty_ex#0,"""このパーティーに参加します。<br><br>受注中のクエストがある場合は破棄されます。<br><br><red>クエストを開始するために消費した<br>メセタやアイテムは返却されませんので、<br>ご注意ください。<c><br><br>パーティーに参加しますか？"""
AttentionJoinPartyPass#0,"""このパーティーに参加します。<br><br>受注中のクエストがある場合は破棄されます。<br>よろしいですか？"""
AttentionJoinPartyPass_ex#0,"""このパーティーに参加します。<br><br>受注中のクエストがある場合は破棄されます。<br><br><red>クエストを開始するために消費した<br>メセタやアイテムは返却されませんので、<br>ご注意ください。<c><br><br>パーティーに参加しますか？"""
AttentionMoveBlock#0,"""This party is in $(0).<br>Change blocks?"""
AttentionMoveBlock_ex#0,"""このパーティーは「$(0)」にいるため、<br>ブロックを移動します。<br><br><red>クエストを開始するために消費した<br>メセタやアイテムは返却されませんので、<br>ご注意ください。<c><br><br>ブロックを移動しますか？"""
HintNon#3,"""Unknown Error"""
HintRoomNo#0,"""Room Number"""
HintPartnerCard#0,"""Friends"""
HintGuildMember#0,"""Team Member"""
HintFriendOrGuild#0,"""Friends and Team Members"""
HintPassword#0,"""Password locked"""
HintQusetKindSoro#0,"""Solo Quest"""
HintQusetKindSingleParty#0,"""Single Party Quest"""
HintQusetKindMultiParty#0,"""Multi Party Quest"""
HintPartyNum#0,"""Party Count"""
HintPlayTime#0,"""Playtime"""
PasswordTitle#0,"""Enter Password"""
PasswordMessage#0,"""Enter password:"""
SortNon#4,"""Default Sort"""
SortPlayStyle1#0,"""For fun"""
SortPlayStyle2#0,"""Efficiency"""
SortPlayStyle3#0,"""Laid-back"""
SortPlayStyle4#0,"""Serious"""
SortVacant#0,"""Party Count"""
SortQuestKind1#1,"""Multi Party Quest"""
SortQuestKind2#1,"""Single Party Quest"""
SortQuestKind3#1,"""Solo Quest"""
SortQuestPlayTime#0,"""Quest Start Time"""
SortFriend#0,"""Friends"""
SortGuild#0,"""Team Member"""
SortPasswordOff#0,"""No password"""
SortProhibitionOff#0,"""No party restrictions"""
SortPartnerOK#0,"""Partners Allowed"""
SortPartnerNG#0,"""Partners Prohibited"""
SortUseCoin#0,"""Use Rare Enemy Trigger"""
SortUseQuestTrigger#0,"""クエストトリガー使用"""
SortRoomNo#0,"""Room Number Order"""
CautionNon#5,"""Unknown error.<br><br>Error code [3006]"""
CautionNotMultiParty#0,"""Cannot select: not a Multi Party<br>Quest."""
CautionNotSelectParty#0,"""Could not join, do not meet<br>party restrictions."""
CautionSoloQuest#0,"""Solo quests do not allow party play."""
CautionNotPartyLeader#0,"""Could not join, not party leader."""
CautionNotSoloParty#1,"""Cannot change block while<br>part of a party."""
RoomNo#0,"""No.$(0)"""
PartyPersonNum#0,"""$(1)／$(0)"""
PlayTime#0,"""$(0)：$(1)"""
AttentionJoinParty_HighLevelQuest#0,"""<red>このクエストは「破棄ペナルティー」対象です！<br>破棄すると他のプレイヤーに迷惑がかかるため、<br>発生中の緊急クエストを再受注できなくなります。<br>また、強制的に別ブロックへの移動が行われます。<c><br><br>このクエストの再受注を試みても、<br>別ブロックに移動後、再受注は失敗します。<br><br>他のクエストを受注する場合は、<br>別ブロックに移動後、そのクエストを受注できます。<br><br>「破棄ペナルティー」を受け、クエストを破棄します。<br>よろしいですか？"""
AttentionMoveBlock_HighLevelQuest#0,"""<red>このクエストは「破棄ペナルティー」対象です！<br>破棄すると他のプレイヤーに迷惑がかかるため、<br>発生中の緊急クエストを再受注できなくなります。<br>また、強制的に別ブロックへの移動が行われます。<c><br>このパーティーは「$(0)」にいるため、<br>ブロックを移動します。<br><br>ブロックを移動すると、参加している<br>パーティーから自動的に脱退し、<br>受注中のクエストも破棄されます。<br><br>また、クエストを受けている場合、<br>クエスト内で得られる効果も<br>消えてしまいます。<br><br>ブロックを移動しますか？<br>"""
Title#12,"""Party Information"""
TitleRoomNo#0,"""Room Number"""
TitleQuestType#1,"""Quest Type"""
TitlePlanet#1,"""Planet"""
TitleQuestInfo#0,"""Detailed Quest Information"""
TitleQuestAndRankName#0,"""Quest name"""
TitleQuestName#0,"""Quest name"""
TitleQuestPartyInfo#0,"""Quest Party Type"""
TitleQuestTrusteeLevel#0,"""Quest Level/Requirements"""
TitlePartnerJoin#0,"""Partner Participation"""
TitlePartyMember#0,"""Member"""
TitleComment#0,"""Comment"""
TitlePlayStyle#0,"""Playstyle"""
TitleRequirement#0,"""Party conditions"""
TitleLevel#0,"""Level"""
HintNon#4,"""Unknown Error"""
HintRoomNo#1,"""Room Number"""
HintPartnerCard#1,"""Friends"""
HintGuildMember#1,"""Team Members"""
HintFriendOrGuild#1,"""Friends and Team Members"""
HintMainClass#0,"""Class"""
HintSubClass#0,"""-"""
HintSupporter#0,"""Supporter"""
HintApc#0,"""Partner"""
RoomNo#1,"""No.$(0)"""
BlockName#0,"""（$(0)）"""
PartnerCardOn#0,"""Friends Only"""
PartnerCardOff#0,"""-"""
GuildMemberOn#0,"""Team Members Only"""
GuildMemberOff#0,"""-"""
ApcOK#1,"""OK"""
ApcNG#1,"""No"""
PlayerJobLevel#0,"""Lv.$(0)"""
PartyLevelRange#0,"""Lv.$(0)～$(1)"""
QuestAndRankName#0,"""$(0)（$(1)）"""
QuestKindSoro#1,"""Solo Quest"""
QuestKindSingleParty#1,"""Single Party Quest"""
QuestKindMultiParty#1,"""Multi Party Quest"""
RoomEntry#0,"""$(1)／$(0)"""
QuestLevelNon#1,"""None"""
QuestLevelLow#0,"""<pict mainclass_icon>Lv.$(0)～"""
QuestLevelLow_SubClassLimit#0,"""<pict mainclass_icon>Lv.$(0)～ <pict subclass_icon>Lv.$(1)～"""
Colon#0,"""："""
ApcNameMake#0,"""$(0) / Partner Character"""
SupporterNameMake#0,"""$(0) / Friend Partner"""
MercenaryNameMake#0,"""$(0) / Free Partner"""
PartnerNameMake#0,"""$(0) / Support Partner"""
Count#0,"""（$(0)）"""
PartnerRoomProhibit#0,"""Partners forbidden"""
CostCount#0,"""($(1): +$(0))"""
NowCostCount#0,"""(Current: +$(0))"""
FloorCount#0,"""(F. $(0))"""
RareEnemyCoin#0,"""Rare Enemy Trigger"""
CongestionSituation#0,"""Status"""
PremiumSpace#0,"""Premium Space"""
Exchange#0,"""<pict Sign_TRIANGLE>Check Congestion"""
Return#0,"""<pict Sign_TRIANGLE>Return"""
Title_Buy#0,"""Item Purchase Confirmation"""
Title_Use#0,"""Confirm item usage"""
UseCheckMessage#0,"""<pict Arcscash><c 5fdf00>購入済みアイテムの使用<c><br>所持カジノコイン<pict AmusementCoin>が<br>カジノコインの<yellow>持ち出し上限 （$(1)）<pict AmusementCoin><c> を<br>超えているため、クエストに持ち出すことができません。<br><br>カジノエリアで遊ぶことでカジノコインを消費するか<br>または景品交換で消費することをおすすめしますが、<br>上限以上のカジノコインを破棄して出発するか、<br>アイテムパック内にお持ちのチケットを使用して、<br>持ち出し上限を一定期間解除することもできます。<br><br>アイテムを使用しますか？<br><yellow>※使用するアイテムを確認したい場合は、<br>アイテムパックから選んでください。<c><br><br>(所持カジノコイン： <red>$(0)<c><pict AmusementCoin>)<br>(持ち出し上限\u3000\u3000： $(1)<pict AmusementCoin>)"""
BuyCheckMessage#0,"""<pict Arcscash><c ff4f3f>AC消費コンテンツ<c><br>所持カジノコイン（$(1)<pict AmusementCoin>）が<br>カジノコインの<yellow>持ち出し上限 （$(2)）<pict AmusementCoin><c> を<br>超えているため、クエストに持ち出すことができません。<br><br>カジノエリアで遊ぶことでカジノコインを消費するか<br>または景品交換で消費することをおすすめしますが、<br>上限以上のカジノコインを破棄して出発するか、<br>または有料アイテム「<yellow>CC持ち出し上限解除$(0)日<c>」で<br>持ち出し上限を$(0)日間解除することもできます。<br><br>購入確認画面に進みますか？<br><br>(所持カジノコイン： <red>$(1)<c><pict AmusementCoin>)<br>(持ち出し上限\u3000\u3000： $(2)<pict AmusementCoin>)"""
DeleteCheckMessage#0,"""このままクエストに出発すると、<br>カジノコインの<yellow>持ち出し上限 （$(1)）<pict AmusementCoin><c> を<br>超えた分のカジノコインが<red>破棄されます。<c><br><br>本当にクエストに出発しますか？<br><br>(所持カジノコイン： <red>$(0)<c><pict AmusementCoin>)<br>(持ち出し上限\u3000\u3000： $(1)<pict AmusementCoin>)"""
Toast_Delete#0,"""お預かり上限を超えたカジノコイン（CC）は消失しました。"""
Toast_Use#0,"""CC所持枠拡張の期限を$(0)延長しました。"""
TitleHighScore#0,"""High Score"""
Back#9,"""Return"""
