CardSelect_Title#0,"""Bingokarte auswählen"""
CardSelect_Cancel#0,"""Abbrechen"""
CardSelect_None#0,"""Keine Bingokarte verwenden"""
CardSelect_Set#0,"""Diese Bingokarte benutzen"""
CardSelect_Detail#0,"""Kartendetails"""
CardSelect_Decide#0,"""Zu [$(0)] gewechselt."""
CardSelect_Achieved#0,"""Freigeschaltetes Bingofeld geöffnet!"""
CardSelect_GetNew#0,"""Neue Bingokarte erhalten. du kannst sie dir über das Hauptmenü ansehen."""
CardSelect_Ask#0,"""Möchtest du die Bingokarte<br>[$(0)] auswählen?"""
CardDetail_Title#0,"""Kartendetails"""
CardDetail_Info#0,"""Karteninformationen"""
CardDetail_ExpirationDate#0,"""有効期限"""
CardDetail_Bingo#0,"""Bingos"""
CardDetail_Reach#0,"""Vollendete Reihen"""
CardDetail_gift#0,"""Belohnung"""
CardDetail_BingoTarget1#0,"""1 Bingo-Belohnung"""
CardDetail_BingoTarget2#0,"""2 Bingo-Belohnung"""
CardDetail_BingoTarget3#0,"""3 Bingo-Belohnung"""
CardDetail_BingoTarget4#0,"""4 Bingo-Belohnung"""
CardDetail_BingoTarget5#0,"""5 Bingo-Belohnung"""
CardDetail_BingoTarget6#0,"""8 Bingo-Belohnung"""
CardDetail_BingoTarget7#0,"""Komplette Belohnung"""
CardDetail_Line1#0,"""1 Linie"""
CardDetail_Line2#0,"""2 Linie"""
CardDetail_Line3#0,"""3 Linie"""
CardDetail_Line4#0,"""4 Linie"""
CardDetail_Line5#0,"""5 Linie"""
CardDetail_Line6#0,"""6 Linie"""
CardDetail_Line7#0,"""7 Linie"""
CardDetail_Line8#0,"""8 Linie"""
CardDetail_Line9#0,"""9 Linie"""
CardDetail_Line10#0,"""10 Linie"""
CardDetail_Line11#0,"""11 Linie"""
CardDetail_Exp#0,"""ERF $(0)"""
CardDetail_Meseta#0,"""$(0)"""
CardDetail_CountableItem#0,"""$(0)×$(1)"""
CardDetail_Line#0,"""$(0) Reihe"""
CardDetail_Explanation#0,"""Details"""
CardNotice_Achieve#0,"""$(0) [$(1)-$(2)] komplett!"""
CardNotice_Achieve2#0,"""<yellow>$(0)<c> von der Bingokarte [$(1)-$(2)] abgeschlossen!"""
CardColumn_0#0,"""A"""
CardColumn_1#0,"""B"""
CardColumn_2#0,"""C"""
CardColumn_3#0,"""D"""
CardColumn_4#0,"""E"""
CardRow_0#0,"""1"""
CardRow_1#0,"""2"""
CardRow_2#0,"""3"""
CardRow_3#0,"""4"""
CardRow_4#0,"""5"""
BingoCard_Title#0,"""アークスビンゴカード"""
BingoCard_CardTab#0,"""Bingokarte prüfen"""
BingoCard_GiftTab#0,"""Bingo-Belohnung"""
BingoCard_OrderDetail#0,"""Auftragsdetails"""
BingoCard_DetailsTitle#0,"""Itemdetails"""
BingoCard_Target#0,"""目標："""
BingoCard_Free#0,"""Freier Platz"""
Title01#0,"""Erstes Jubiläumsbingo"""
Title02#0,"""Erstes Jubiläumsbingo [Rückwärts]"""
Title03#0,"""Erstes Jubiläumsbingo [Flame]"""
Title04#0,"""Sommer-Bingo"""
Title05#0,"""Halloween Bingo"""
Title06#0,"""Halloween Bingo [Rückwärts]"""
Title07#0,"""Weihnachts-Bingo"""
Title08#0,"""Weihnachts-Bingo [Rückwärts]"""
Title09#0,"""ARKS Einheitsfestival 2014 Bingo"""
Title10#0,"""ARKS Einheitsfestival 2014 Bingo [Rückwärts]"""
Title11#0,"""Valentins-Bingo"""
Title12#0,"""Valentins-Bingo [Rückwärts]"""
Title13#0,"""スプリングビンゴ"""
Title14#0,"""スプリングビンゴ【裏】"""
Title15#0,"""2周年記念ビンゴⅠ"""
Title16#0,"""2周年記念ビンゴⅠ【裏】"""
Title17#0,"""2周年記念ビンゴⅡ"""
Title18#0,"""2周年記念ビンゴⅡ【裏】"""
Title19#0,"""お月見ビンゴ"""
Title20#0,"""お月見ビンゴ【裏】"""
Title21#0,"""ハロウィンビンゴ2014"""
Title22#0,"""アークス式典ビンゴ"""
Title23#0,"""クリスマス2014ビンゴ"""
Title24#0,"""クリスマス2014ビンゴ【裏】"""
Title25#0,"""アークス共闘祭2015ビンゴ"""
Title26#0,"""バレンタイン2015ビンゴ"""
Title27#0,"""バレンタイン2015ビンゴ【裏】"""
Title28#0,"""アークス共闘祭2015ビンゴⅡ"""
Title29#0,"""ホワイトデー2015ビンゴ"""
Title30#0,"""ホワイトデー2015ビンゴ【裏】"""
Title31#0,"""イースター2015ビンゴ"""
Title32#0,"""イースター2015ビンゴ【裏】"""
Title33#0,"""レイニー2015ビンゴ"""
Title34#0,"""レイニー2015ビンゴ【裏】"""
Title35#0,"""3周年記念ビンゴ"""
Title36#0,"""3周年記念ビンゴ【裏】"""
Title37#0,"""サマー2015ビンゴ"""
Title38#0,"""サマー2015ビンゴ【裏】"""
Title39#0,"""お月見2015ビンゴ"""
Title40#0,"""お月見2015ビンゴ【裏】"""
Title41#0,"""ハロウィン2015ビンゴ"""
Title42#0,"""ハロウィン2015ビンゴ【裏】"""
Title43#0,"""クリスマス2015ビンゴ"""
Title44#0,"""クリスマス2015ビンゴ【裏】"""
Title45#0,"""PS感謝祭2016ビンゴⅠ"""
Title46#0,"""PS感謝祭2016ビンゴⅡ"""
Title47#0,"""ホワイトデー2016ビンゴ"""
Title48#0,"""ホワイトデー2016ビンゴ【裏】"""
Title49#0,"""イースター2016ビンゴ"""
Title50#0,"""イースター2016ビンゴ【裏】"""
Title51#0,"""レイニー2016ビンゴ【表】"""
Title52#0,"""レイニー2016ビンゴ【裏】"""
Title53#0,"""4周年記念2016ビンゴⅠ"""
Title54#0,"""4周年記念2016ビンゴⅡ"""
Title55#0,"""サマー2016ビンゴ"""
Title56#0,"""お月見2016ビンゴ【表】"""
Title57#0,"""お月見2016ビンゴ【裏】"""
Title58#0,"""ハロウィン2016ビンゴ【表】"""
Title59#0,"""ハロウィン2016ビンゴ【裏】"""
Title60#0,"""クリスマス2016ビンゴ【表】"""
Title61#0,"""クリスマス2016ビンゴ【裏】"""
Title62#0,"""バレンタイン2017ビンゴ【表】"""
Title63#0,"""バレンタイン2017ビンゴ【裏】"""
Title64#0,"""ホワイトデー2017ビンゴ【表】"""
Title65#0,"""ホワイトデー2017ビンゴ【裏】"""
Title66#0,"""スプリング2017ビンゴ【表】"""
Title67#0,"""スプリング2017ビンゴ【裏】"""
Title68#0,"""レイニー2017ビンゴ【表】"""
Title69#0,"""レイニー2017ビンゴ【裏】"""
Explain01#0,"""Das ist deine erste ARKS Bingokarte!<br>Versuche Bingos zu erreichen, während du die<br>zeitlich begrenzte Quest [Chaotic Border Break]<br>spielst! Falls du eine vervollständigst..."""
Explain02#0,"""Wenn du das [Erstes Jubiläumsbingo] abschließt,<br>erhälst du eine Rückwärts-Karte höherer Schwierigkeit.<br>Glaubst du, dass du es abschließen kannst?"""
Explain03#0,"""Das ist eine Erstes Jubiläum Halbzeit Bingokarte!<br>Fülle sie aus, während du die Notfallquest<br>[ARKS-Schiff Feuerwirbel] spielst!"""
Explain04#0,"""Reise zu einem neuen Planeten!<br>Verwende diese Karte, während du eine<br>Quest auf Vorpa oder im Küstengebiet spielst."""
Explain05#0,"""ハロウィンイベントを記念したビンゴカード！<br>緊急クエスト「トリックオアトリート２！」や<br>「採掘場跡」を遊んでビンゴを目指そう！"""
Explain06#0,"""ついに登場、難度「スーパーハード」！<br>「ハロウィンビンゴ」をコンプリートしたあなたには<br>超難度の裏カードへの挑戦権が与えられます！"""
Explain07#0,"""メリークリスマス！<br>緊急クエスト「氷上のメリークリスマス２」や<br>「迫る漆黒の腕」を遊んでビンゴを目指そう！"""
Explain08#0,"""「クリスマスビンゴ」をコンプリートしたあなたには<br>高難易度の裏カードへの挑戦権が与えられます！<br>海底エリアを制覇しよう！"""
Explain09#0,"""アークス共闘祭を盛り上げるビンゴカード！<br>期間限定クエスト「造龍来たる魔の海域」を遊んで<br>コンプリートを目指そう！"""
Explain10#0,"""「アークス共闘祭2014ビンゴ」のコンプリートおめでとう！<br>でもここからが本番！裏カードをコンプリートしてこそ<br>このお祭りを遊びつくすことができるのだ！"""
Explain11#0,"""今回はあま～い香りのビンゴカードをおとどけ！<br>緊急クエスト「チョコレートの行方２」をプレイして<br>バレンタインイベントを満喫しちゃおう！"""
Explain12#0,"""「バレンタインビンゴ」をコンプリートしたあなたには<br>ちょっぴりビターな裏カードへの挑戦権が与えられます！<br>アークス共闘祭もバレンタインも、まだまだ満喫できるよ！"""
Explain13#0,"""新たに配信！ アークスビンゴカード！<br>緊急クエスト「ワイルドイースター」を遊びつくして<br>コンプリートを目指そう！"""
Explain14#0,"""「スプリングビンゴ」をコンプリートしたあなたには<br>高難易度な裏カードへの挑戦権を進呈します。<br>ぜひコンプリートを目指そう！"""
Explain15#0,"""おかげさまで２周年突破！<br>期間限定クエスト「静寂に生まれし混沌」を遊びつくして<br>コンプリートを目指そう！"""
Explain16#0,"""宴はまだ終わらない。<br>高難易度の要素にチャレンジして<br>コンプリートを目指そう！"""
Explain17#0,"""２周年記念ビンゴ第２弾！<br>期間限定クエスト「境界を切り裂く銀の鋼刃」を<br>遊びつくしてコンプリートを目指そう！"""
Explain18#0,"""夏到来！<br>緊急クエスト「ビーチウォーズ２！」を軸に<br>様々な要素を遊びつくしてコンプリートを目指そう！"""
Explain19#0,"""惑星ハルコタンで<br>お月見冒険しよう！<br>冒険を通してコンプリートを目指そう！"""
Explain20#0,"""お月見は、続くよどこまでも……<br>高難易度の要素にチャレンジして<br>コンプリートを目指そう！"""
Explain21#0,"""ＰＳＯ２の秋到来！<br>季節限定クエスト「トリックオアトリート３！」を遊んで<br>コンプリートを目指そう！"""
Explain22#0,"""アークス記念式典開催中！<br>式典も大事だけど、カジノで遊んだり<br>「造龍集う死の海域」や「浮上施設」もお忘れなく！"""
Explain23#0,"""２０１４年の締めくくりもPSO２！<br>季節限定クエスト「氷上のメリークリスマス３」を遊んで<br>コンプリートを目指そう！"""
Explain24#0,"""【裏】に相応しい、やや難度の高い要素をつめこみました！<br>新たに難易度が追加された緊急クエストを軸に<br>色々と遊びつくそう！"""
Explain25#0,"""“PS Vita”版２周年をお祝いする記念ビンゴ！<br>期間限定クエスト「混沌に惑う白き都」を遊んだり<br>カジノに行ったりしてコンプリートを目指そう！"""
Explain26#0,"""チョコレートの飛び交う季節でもPSO2！<br>季節限定クエスト「チョコレートの行方３」を遊びながら<br>コンプリートを目指そう！"""
Explain27#0,"""様々な難易度帯の目標を詰め込みました。<br>高難易度の「混沌に惑う白き都」や「チョコレートの行方３」<br>などをやり尽くし、コンプリートを果たせるか！？"""
Explain28#0,"""“PS Vita”版２周年をお祝いする記念ビンゴ後半戦！<br>新たな緊急クエスト「静穏を破りし大海の脅威」を遊んで<br>コンプリートを目指そう！"""
Explain29#0,"""ホワイトデーと言えばクッキーと飴とPSO2！<br>季節限定クエスト「ホワイトデーは大わらわ３」<br>を遊びながらコンプリートを目指そう！"""
Explain30#0,"""【裏】ビンゴらしく様々な難易度を取り揃えました。<br>引き続き季節限定クエスト「ホワイトデーは大わらわ３」<br>などを遊びながらコンプリートを目指そう！"""
Explain31#0,"""卵だ！ウサギだ！イースターだ！<br>緊急クエスト「ワイルドイースター2」を遊びながら<br>コンプリートを目指そう！"""
Explain32#0,"""表では満足できなかった人に<br>【裏】ではさまざまな難易度を用意しました。<br>コンプリート目指して挑戦してみてくださいね！"""
Explain33#0,"""外は雨模様でも、家の中ではPSO2！<br>季節限定クエスト「雨風とともに３」を遊びながら<br>コンプリートを目指そう！"""
Explain34#0,"""【裏】ビンゴらしく様々な難易度を取り揃えました。<br>引き続き季節限定クエスト「雨風とともに３」<br>などを遊びながらコンプリートを目指そう！"""
Explain35#0,"""PSO2もいよいよ4年目に突入！<br>「森林」「火山洞窟」「砂漠」「凍土」「白ノ領域」「海岸」<br>と言ったエリアに出現するダーカーを撃破せよ！"""
Explain36#0,"""【裏】ビンゴらしく様々な難易度を取り揃えました。<br>一見、無茶な内容にも見えますが……。<br>「待てば海路の日和あり」です。頑張りましょう！"""
Explain37#0,"""夏の蒸し暑さなんか吹き飛ばす勢いで<br>海辺に出現するエネミーが中心の<br>「ビーチウォーズ３！」を遊びつくそう！"""
Explain38#0,"""まだまだ夏は終わらない！？<br>【裏】のビンゴは各種難易度を揃えました。<br>「ビーチウォーズ３！」を中心にコンプリートを目指そう！"""
Explain39#0,"""秋の夜長はやっぱりPSO2！<br>緊急クエスト「禍魂集いし戦道」を遊びながら<br>コンプリートを目指そう！"""
Explain40#0,"""【裏】ビンゴは一筋縄ではいかない！<br>引き続き「禍魂集いし戦道」を遊びつつ<br>様々な要素に挑戦してコンプリートを目指そう！"""
Explain41#0,"""お菓子を貰っても、貰わなくてもPSO2！<br>緊急クエスト「トリックオアトリート４！」を遊びながら<br>コンプリートを目指そう！"""
Explain42#0,"""【裏】ビンゴらしく様々な難易度を取り揃えました。<br>引き続き「トリックオアトリート４！」などを遊びながら<br>コンプリートを目指そう！"""
Explain43#0,"""２０１５年最後もＰＳＯ２！<br>季節限定クエスト「氷上のメリークリスマス４」を遊んで<br>コンプリートを目指そう！"""
Explain44#0,"""ビンゴも後半戦に突入！<br>さまざまな難易度が混在する【裏】も<br>コンプリートを目指して頑張ろう！"""
Explain45#0,"""ドリームキャストからはじまったPSOシリーズ。<br>おかげさまで15周年を迎えることができました。<br>期間限定クエスト「チョコレートの行方2016」や<br>「混沌導く闇の化身」でコンプリートを目指そう！"""
Explain46#0,"""ファンタシースター感謝祭2016も折り返し！<br>期間限定クエストなどだけではなく、エピソード4で<br>新たに追加された要素などもチェックして<br>コンプリートを目指そう！"""
Explain47#0,"""キャンディー？マシュマロ？<br>甘いお菓子もいいけれど、ＰＳＯ２も忘れずに！<br>期間限定クエスト「ホワイトデーは大わらわ2016」を<br>遊んでコンプリートを目指そう！"""
Explain48#0,"""ホワイトデー2016ビンゴの後半戦は<br>様々な難易度をご用意しました。<br>キャラクターの強化を行いながら、コンプリートを目指そう！"""
Explain49#0,"""ぽかぽかの陽気にも慣れて、ゴールデンウィークも目前！<br>外でめいっぱい楽しんだ後はＰＳＯ２でも！<br>期間限定クエスト「ワイルドイースター2016」を<br>プレイしながらコンプリートを目指そう！"""
Explain50#0,"""憂鬱な五月病もＰＳＯ２で吹き飛ばそう！<br>後半戦は様々な難易度の目標にチャレンジして<br>コンプリートを目指してみよう！"""
Explain51#0,"""外で雨が降ろうが風が吹こうが大丈夫！<br>おうちの中やネットカフェでゆったりＰＳＯ２！<br>期間限定クエスト「雨風とともに2016」や東京エリアの<br>各種クエストをプレイしながらコンプリートを目指そう！"""
Explain52#0,"""今回は少々難しめなお題を用意致しました。<br>様々な要素にチャレンジしながら、コンプリートを<br>目指そう！"""
Explain53#0,"""おかげさまでPSO2も4周年を迎えました。<br>これもひとえにアークスの皆様の尽力のおかげです！<br>今回は期間限定クエスト「混沌喚び出す龍の咆哮」や<br>基礎的なクライアントオーダ－に触れてみよう！"""
Explain54#0,"""4周年記念も後半に差し掛かりました。<br>今回は期間限定クエスト「境界に彷徨う漆黒の騎士」や<br>ストーリーボードにも触れてみよう！"""
Explain55#0,"""夏といえばやっぱりPSO2ですよね！<br>今回は期間限定クエスト「ビーチウォーズ2016！」や<br>手ごたえのあるクライアントオーダーに挑戦してみよう！"""
Explain56#0,"""今回用意したビンゴのメインターゲットは<br>期間限定クエスト「禍魂集いし戦道2016」！<br>中秋の名月と共にPSO2も楽しんじゃってください！"""
Explain57#0,"""後半は、期間限定クエスト「禍魂集いし戦道2016」に加え<br>ラスベガスエリアも含めた多彩な目標でアナタに挑戦！<br>秋の夜長にじっくりとチャレンジしてみてください！"""
Explain58#0,"""今年もヤツらの宴の時期がやってきた！<br>期間限定クエスト「トリックオアトリート2016！」に<br>参加して、PSO2内でも火花散るパーティーを楽しもう！"""
Explain59#0,"""パーティーのクライマックスはこれから！<br>「トリックオアトリート2016！」の高難易度に挑みつつ<br>新たなタイムアタッククエスト「走破演習：東京」で<br>限界記録を目指してみよう！"""
Explain60#0,"""何かと忙しい年末年始ですが、PSO2も忘れずに！<br>アネットの依頼をこなしつつ、期間限定緊急クエストの<br>「氷上のメリークリスマス2016」で<br>ビンゴのコンプリートを目指そう！"""
Explain61#0,"""表をコンプリートしたアークスに贈る挑戦状！<br>高難易度クエストでテクニカルなオーダーに挑み<br>自らの実力を試してみよう！"""
Explain62#0,"""今回のビンゴカードはバレンタイン特別仕様！<br>アークスシップの女のコを巡るスタンプラリー方式です。<br>いつもと違って場所などはノーヒント。<br>どれだけ彼女たちを知っているか、愛が試される!?"""
Explain63#0,"""チョコのように甘い目標は表だけ！<br>期間限定の緊急クエスト「チョコレートの行方2017」に<br>高難度でチャレンジし、コンプリートを目指そう！"""
Explain64#0,"""ホワイトデーもやります、特別仕様！<br>今度はアークスシップの男性陣を訪ねて回ろう！<br>もちろんノーヒントなのは前回と一緒。<br>目指せ、アークス通！"""
Explain65#0,"""表ビンゴ、ご苦労様でした！\u3000と言いたいところですが<br>もっと高難度のビンゴを用意してあります！\u3000期間限定の<br>緊急クエスト「ホワイトデーは大わらわ2017」を制覇し<br>真のコンプリートをつかみ取ろう！"""
Explain66#0,"""心機一転の春！\u3000何やらアークスシップにも変化が？<br>新規施設のバトルアリーナや遊びやすくなったカジノ<br>桜の装いのフランカ’s カフェなどをまわってみよう！"""
Explain67#0,"""今春のビンゴ後半戦は、ジェネやブルーノの依頼と<br>緊急クエスト「採掘基地防衛戦：VR」を中心にセレクト！<br>難易度の高いクエストでエネミーたちを蹴散らそう！"""
Explain68#0,"""じめじめしているこんな季節こそ、PSO2で気分転換！<br>期間限定の緊急クエスト「雨風とともに2017」とともに<br>新コンテンツのコーデカタログにも触れてみよう！"""
Explain69#0,"""表をコンプリートしたキミに贈るのは、<br>さらに目標を難しくしたこの一枚！<br>ビンゴをコンプリートして、憂鬱な気分を吹き飛ばそう！"""
00000051#0,"""[Zerstöre einen gelben Container]"""
00000052#0,"""「迫る漆黒の腕」"""
00000053#0,"""[Aktiviere einen PSE Burst]"""
00000054#0,"""「ダイヤモンドダストの観察」"""
00000055#0,"""[Grinde erfolgreich die Attribute eines Items]"""
00000056#0,"""[Besiege Malmoth]"""
00000057#0,"""[Zerstöre einen roten Container]"""
00000058#0,"""[Besiege Dagan]"""
00000059#0,"""[Grinde erfolgreich irgendein Item]"""
00000060#0,"""[Schicke ein \""Gut gemacht!\"" an irgendeinen Spieler]\"""""
00000061#0,"""「クリスマスのお邪魔虫！」"""
00000062#0,"""[Besiege Fangulfur]"""
00000063#0,"""??"""
00000064#0,"""[Frohe Weihnachten auf Eis 2]"""
00000065#0,"""「クリスマスのお手伝い！」"""
00000066#0,"""[Besiege Kartargot]"""
00000067#0,"""[Erfolgreich einem Item Fähigkeiten hinzufügen]"""
00000068#0,"""[Besiege El Ahda]"""
00000069#0,"""[Zerstöre einen blauen Container]"""
00000070#0,"""[Besiege Breeahda]"""
00000071#0,"""[Zeichne eine FUN-Zeichnung]"""
00000072#0,"""[Besiege  Yede]"""
00000073#0,"""[Besiege Krahda]"""
00000074#0,"""[Beschuetze den Naura Cake Shop!]"""
00000075#0,"""[Zerstöre einen grünen Container]"""
00000076#0,"""[Besiege Gul Solda]"""
00000077#0,"""[Besiege  Sevanian]"""
00000078#0,"""[Geschenk des Sturms]"""
00000079#0,"""[Besiege Tag Sevanian]"""
00000080#0,"""[Bezwinge Decol Malluda]"""
00000081#0,"""「ウォパル危機一髪！」"""
00000082#0,"""[Besiege Dark Vibrace]"""
00000083#0,"""[Besiege Goldrahda]"""
00000084#0,"""「走破演習：ナベリウスⅡ」"""
00000085#0,"""「マターボード入手：忘却の彼方に在り」"""
00000086#0,"""[Deol Malludas Schwäche?!]"""
00000087#0,"""[Besiege Talobecko]"""
00000088#0,"""??"""
00000089#0,"""[Besiege [Persona] ]"""
00000090#0,"""「ビオル・メデューナ撃破」"""
00000091#0,"""「ディープスノーの観察」"""
00000092#0,"""[Ein neuer Tundra-Test]"""
00000093#0,"""[Basisverteidigung: Invasion]"""
00000094#0,"""「実地研修に付き合ってください」"""
00000095#0,"""「ちゃちゃっと海底地域生態調査」"""
00000096#0,"""[Meeresgrund Erkundung]"""
00000097#0,"""[Besiege Falcabone]"""
00000098#0,"""[Besiege Blutorbon]"""
00000099#0,"""[Besiege Vid Gilos]"""
00000100#0,"""[Besiege Deue Solda]"""
00000101#0,"""「造龍来たる魔の海域」"""
00000102#0,"""「ドリュアーダ撃破」"""
00000103#0,"""「セグレズン撃破」"""
00000104#0,"""「ファルカボネ撃破」"""
00000105#0,"""「戦闘機防衛」"""
00000106#0,"""「ヴィド・ギロス撃破」"""
00000107#0,"""「シュトゥラーダ撃破」"""
00000108#0,"""「リューダソーサラー撃破」"""
00000109#0,"""「共闘祭への乱入者！」"""
00000110#0,"""「自由探索許可申請・海岸」"""
00000111#0,"""「任意のアイテムの強化を成功させる」"""
00000112#0,"""「大雨の観察」"""
00000113#0,"""「」"""
00000114#0,"""「FUNスクラッチを引く」"""
00000115#0,"""「任意のプレイヤーにグッジョブを送信する」"""
00000116#0,"""「デ・マルモス撃破」"""
00000117#0,"""「共闘祭での一幕！」"""
00000118#0,"""「オルグブラン撃破」"""
00000119#0,"""「デコル・マリューダ撃破」"""
00000120#0,"""「ビオル・メデューナ撃破」"""
00000121#0,"""「共闘祭でも変わらずに！」"""
00000122#0,"""「みんな大好き、大人気！」"""
00000123#0,"""「ティラルーダ撃破」"""
00000124#0,"""「ドゥエ・ソルダ撃破」"""
00000125#0,"""「クローム・ドラゴン撃破」"""
00000126#0,"""「アイドルからの難題」"""
00000127#0,"""「プレディカーダ撃破」"""
00000128#0,"""「クラバーダ撃破」"""
00000129#0,"""「クラーダ撃破」"""
00000130#0,"""「ドラゴン・エクス撃破」"""
00000131#0,"""「フォードランサ撃破」"""
00000132#0,"""「マターボード：【涙のセトルメント】の入手」"""
00000133#0,"""「キングイエーデ撃破」"""
00000134#0,"""「ゼッシュレイダ撃破」"""
00000135#0,"""「破壊をもたらす黒曜」"""
00000136#0,"""「エネミー撃破」"""
00000137#0,"""「カルターゴの弱点は！？」"""
00000138#0,"""「」"""
00000139#0,"""「炎のANGEL」"""
00000140#0,"""「ダーク・ラグネ撃破」"""
00000141#0,"""「強力な侵食核！？」"""
00000142#0,"""「キャタドランサ撃破」"""
00000143#0,"""「シグノビート撃破」"""
00000144#0,"""「ダーガッシュ撃破」"""
00000145#0,"""「エクスタミネート・ジャーニー・Ⅱ」"""
00000146#0,"""「グル・ソルダ撃破」"""
00000147#0,"""「ファングバンシー撃破」"""
00000148#0,"""「PSEバーストを発生させる」"""
00000149#0,"""「ミクダ撃破」"""
00000150#0,"""「パートナーキャラクター同行【クーナ】」"""
00000151#0,"""「バレンタイン茶飯事！」"""
00000152#0,"""「ゴロンゾラン撃破」"""
00000153#0,"""「FUNスクラッチを引く」"""
00000154#0,"""「ヴィスボルトを回避せよ！」"""
00000155#0,"""「ダガン撃破」"""
00000156#0,"""「キャタドラン撃破」"""
00000157#0,"""「ノーディラン撃破」"""
00000158#0,"""「緑色のコンテナを破壊する」"""
00000159#0,"""「チョコレートの行方２」"""
00000160#0,"""「ディッグの撃破」"""
00000161#0,"""「チョコレートへの試練！」"""
00000162#0,"""「愛情たっぷり隠し味！？」"""
00000163#0,"""「」"""
00000164#0,"""「恋慕を後押すウワサ話！」"""
00000165#0,"""「今ここに、バレンタインは完成す！」"""
00000166#0,"""「ソル・ディーニアン撃破」"""
00000167#0,"""「ナウラのケーキ屋を守れ！」"""
00000168#0,"""「マグにアイテムを与える」"""
00000169#0,"""「ペンドラン撃破」"""
00000170#0,"""「サポートパートナー講習」"""
00000171#0,"""「ダーカイムを破壊せよ！」"""
00000172#0,"""「へっぽこぴーの溶岩石拾い」"""
00000173#0,"""「任意のアイテムの属性強化を成功させる」"""
00000174#0,"""「ヴォル・ドラゴンの肉の調達」"""
00000175#0,"""「ソル・ディランダール撃破」"""
00000176#0,"""「ディランダール撃破」"""
00000177#0,"""「ダークファルス・エルダー撃破」"""
00000178#0,"""「ブリュンダール撃破」"""
00000179#0,"""「ブリュー・リンガーダ撃破」"""
00000180#0,"""「アナタの手を借りたいの！」"""
00000181#0,"""「かすかに覚えし桃色の花」"""
00000182#0,"""「パートナーキャラクター同行【アザナミ】」"""
00000183#0,"""「フォードラン撃破」"""
00000184#0,"""「恩人を探して」"""
00000185#0,"""「ヒミツの特訓」"""
00000186#0,"""「ブルメガーラ撃破」"""
00000187#0,"""「バル・ロドス撃破」"""
00000188#0,"""「」"""
00000189#0,"""「実地研修に付き合ってください」"""
00000190#0,"""「シル・ディーニアン撃破」"""
00000191#0,"""「エル・ダガン撃破」"""
00000192#0,"""「猛る黒曜の暴腕」"""
00000193#0,"""「熱波の観察」"""
00000194#0,"""「パートナーキャラクター同行【リサ】」"""
00000195#0,"""「ディグナッツ撃破」"""
00000196#0,"""「サディニアン撃破」"""
00000197#0,"""「グワナーダ撃破」"""
00000198#0,"""「オル・ミクダ撃破」"""
00000199#0,"""「クォーツ・ドラゴン撃破」"""
00000200#0,"""「ディーニアン撃破」"""
00000201#0,"""「ブリアーダ撃破」"""
00000202#0,"""「グル・ソルダ撃破」"""
00000203#0,"""「『クエストクリア時』に設定したオートワードを発動させる」"""
00000204#0,"""「ガーディナン撃破」"""
00000205#0,"""「カストキンディッド撃破」"""
00000206#0,"""「イースターの幕開けは」"""
00000207#0,"""「お祭りで使うタマゴって？」"""
00000208#0,"""「おじゃま虫をやっつけろ！」"""
00000209#0,"""「機甲種にも大人気？」"""
00000210#0,"""「みんな揃ってお祭り気分！」"""
00000211#0,"""「FUNスクラッチを引く」"""
00000212#0,"""「マグにアイテムを与える」"""
00000213#0,"""「」"""
00000214#0,"""「緑色のコンテナを破壊する」"""
00000215#0,"""「任意のアイテムの強化を成功させる」"""
00000216#0,"""「シグノビート撃破」"""
00000217#0,"""「ゼッシュレイダ撃破」"""
00000218#0,"""「カルターゴ撃破」"""
00000219#0,"""「ダーク・ラグネ撃破」"""
00000220#0,"""「ギルナッチ撃破」"""
00000221#0,"""「サイクロネーダ撃破」"""
00000222#0,"""「任意のドリンクを飲む」"""
00000223#0,"""「ディンゲール撃破」"""
00000224#0,"""「ヴィントバルガー撃破」"""
00000225#0,"""「ファルス・ヒューナル撃破」"""
00000226#0,"""「狡猾なる黒翼の尖兵」"""
00000227#0,"""「特務先遣調査：海岸」"""
00000228#0,"""「ティラルーダ撃破」"""
00000229#0,"""「シュタークガン撃破」"""
00000230#0,"""「ジャストアタック特訓・Ⅰ」"""
00000231#0,"""「ヴィド・ギロス撃破」"""
00000232#0,"""「任意のプレイヤーにグッジョブを送信する」"""
00000233#0,"""「ソルダ・カピタ撃破」"""
00000234#0,"""「ティフリスに話しかける」"""
00000235#0,"""「極限訓練：遺跡と海王」"""
00000236#0,"""「ヴィドルーダ撃破」"""
00000237#0,"""「マターボード：【未来を迎えるため】の入手」"""
00000238#0,"""「」"""
00000239#0,"""「ダーカーの系統別分類調査」"""
00000240#0,"""「ドゥエ・ソルダ撃破」"""
00000241#0,"""「アークスGP2014予選」"""
00000242#0,"""「パーティー演習・Ⅰ」"""
00000243#0,"""「ブリュンダール撃破」"""
00000244#0,"""「赤色のコンテナを破壊する」"""
00000245#0,"""「ゴルドラーダ撃破」"""
00000246#0,"""「リューダソーサラー撃破」"""
00000247#0,"""「シュトゥラーダ撃破」"""
00000248#0,"""「デコル・マリューダ撃破」"""
00000249#0,"""「トランマイザー撃破」"""
00000250#0,"""「ドリュアーダ撃破」"""
00000251#0,"""「マザーシップに平穏を！\u3000Ⅰ」"""
00000252#0,"""「カルターゴ撃破」"""
00000253#0,"""「混乱誘うダーカーたち！」"""
00000254#0,"""「任意のアイテムの強化を成功させる」"""
00000255#0,"""「マザーシップに平穏を！\u3000Ⅱ」"""
00000256#0,"""「シル・ディーニアン撃破」"""
00000257#0,"""「ブルメガーラ撃破」"""
00000258#0,"""「リューダソーサラー撃破」"""
00000259#0,"""「アクルプス撃破」"""
00000260#0,"""「ディーニアン撃破」"""
00000261#0,"""「ダガン撃破」"""
00000262#0,"""「緑色のコンテナを破壊する」"""
00000263#0,"""「」"""
00000264#0,"""「ディッグ撃破」"""
00000265#0,"""「クラーダ撃破」"""
00000266#0,"""「スパルザイル撃破」"""
00000267#0,"""「ブリアーダ撃破」"""
00000268#0,"""「ガロンゴ撃破」"""
00000269#0,"""「エル・アーダ撃破」"""
00000270#0,"""「シグノビート撃破」"""
00000271#0,"""「マザーシップに平穏を！\u3000Ⅲ」"""
00000272#0,"""「ＦＵＮスクラッチを引く」"""
00000273#0,"""「静寂に生まれし混沌」"""
00000274#0,"""「ディカーダ撃破」"""
00000275#0,"""「マザーシップに平穏を！\u3000Ⅳ」"""
00000276#0,"""「ジャストアタック特訓・Ⅶ」"""
00000277#0,"""「ダブリュンダ撃破」"""
00000278#0,"""「ブラック・スローター・Ⅰ」"""
00000279#0,"""「マターボード：【未来を迎えるため】の入手」"""
00000280#0,"""「新規任務模擬訓練・火山洞窟」"""
00000281#0,"""「ダブリューネ撃破」"""
00000282#0,"""「ギルナスの装甲の調達」"""
00000283#0,"""「黄色のコンテナを破壊する」"""
00000284#0,"""「トランマイザー撃破」"""
00000285#0,"""「アークスＧＰ２０１４予選」"""
00000286#0,"""「ブラック・スローター・Ⅱ」"""
00000287#0,"""「PSEバーストを発生させる」"""
00000288#0,"""「」"""
00000289#0,"""「ファイナに話しかける」"""
00000290#0,"""「ブラック・スローター・Ⅲ」"""
00000291#0,"""「ランズ・ヴァレーダ撃破」"""
00000292#0,"""「クォーツ・ドラゴン撃破」"""
00000293#0,"""「赤色のコンテナを破壊する」"""
00000294#0,"""「ガーディンのフレームの調達」"""
00000295#0,"""「ファルス・アンゲル撃破」"""
00000296#0,"""「ドラゴン・エクス撃破」"""
00000297#0,"""「ブリュー・リンガーダ撃破」"""
00000298#0,"""「ロックベア撃破」"""
00000299#0,"""「ヴィドルーダ撃破」"""
00000300#0,"""「ジャストアタック特訓・Ⅷ」"""
00000301#0,"""「ブルトルボン撃破」"""
00000302#0,"""「キャタドランサ撃破」"""
00000303#0,"""「ゴロンゾラン撃破」"""
00000304#0,"""「マグにアイテムを与える」"""
00000305#0,"""「ディガーラ撃破」"""
00000306#0,"""「お宝探して三千里・その壱」"""
00000307#0,"""「ベンドラン撃破」"""
00000308#0,"""「緑色のコンテナを破壊する」"""
00000309#0,"""「ラケシスに話しかける」"""
00000310#0,"""「お宝探して三千里・その参」"""
00000311#0,"""「シル・サディニアン撃破」"""
00000312#0,"""「ディランダール撃破」"""
00000313#0,"""「」"""
00000314#0,"""「ガルフル撃破」"""
00000315#0,"""「ファンガルフル撃破」"""
00000316#0,"""「お宝が呼んでいる」"""
00000317#0,"""「ファイナに話しかける」"""
00000318#0,"""「青色のコンテナを破壊する」"""
00000319#0,"""「シグノガン撃破」"""
00000320#0,"""「お宝探して三千里・その弐」"""
00000321#0,"""「ヤクトバルガー撃破」"""
00000322#0,"""「ヴァーダーソーマ撃破」"""
00000323#0,"""「オルグブラン撃破」"""
00000324#0,"""「デ・マルモス撃破」"""
00000325#0,"""「イエーデ撃破」"""
00000326#0,"""「パーティー演習・Ⅰ」"""
00000327#0,"""「任意のエクストリームクエスト」"""
00000328#0,"""「ダガッチャ撃破」"""
00000329#0,"""「ファルス・ヒューナル撃破」"""
00000330#0,"""「ビーチウォーズ２！」"""
00000331#0,"""「新規任務模擬訓練・砂漠」"""
00000332#0,"""「サマーリゾート計画！」"""
00000333#0,"""「熾烈な浮遊大陸探索」"""
00000334#0,"""「まずは海岸の安全確保！」"""
00000335#0,"""「ビオル・メデューナ撃破」"""
00000336#0,"""「ブリュンダール撃破」"""
00000337#0,"""「タロベッコ撃破」"""
00000338#0,"""「」"""
00000339#0,"""「セグレズン撃破」"""
00000340#0,"""「クラバーダ撃破」"""
00000341#0,"""「ゼッシュレイダ撃破」"""
00000342#0,"""「ビーチの必需品！」"""
00000343#0,"""「熾烈な龍祭壇探索」"""
00000344#0,"""「バル・ロドスを追っ払え！」"""
00000345#0,"""「オルグブラン撃破」"""
00000346#0,"""「プリンに話しかける」"""
00000347#0,"""「ブリュー・リンガーダ撃破」"""
00000348#0,"""「ダーガッシュ撃破」"""
00000349#0,"""「ナイトギア撃破」"""
00000350#0,"""「赤色のコンテナを破壊する」"""
00000351#0,"""「緑色のコンテナを破壊する」"""
00000352#0,"""「ファイナに話しかける」"""
00000353#0,"""「アヌシザグリ撃破」"""
00000354#0,"""「パジギッリ撃破」"""
00000355#0,"""「ジャストアタック特訓・Ⅰ」"""
00000356#0,"""「任意のドリンクを飲む」"""
00000357#0,"""「アスタルテの個人授業」"""
00000358#0,"""「パラタ・ピコーダ撃破」"""
00000359#0,"""「イザオガル撃破」"""
00000360#0,"""「ギグル・グンネガム撃破」"""
00000361#0,"""「任意のアイテムの強化を成功させる」"""
00000362#0,"""「黒の民鎮圧任務」"""
00000363#0,"""「」"""
00000364#0,"""「ガンナガム撃破」"""
00000365#0,"""「アドオガル撃破」"""
00000366#0,"""「任意のプレイヤーにグッジョブを送信する」"""
00000367#0,"""「アンジャドゥリリ討伐」"""
00000368#0,"""「マターボード：白と黒のはざまで入手」"""
00000369#0,"""「怪奇！\u3000宵闇にうごめく影！」"""
00000370#0,"""「ボンタ・ベアッダ撃破」"""
00000371#0,"""「FUNスクラッチを引く」"""
00000372#0,"""「チップに話しかける」"""
00000373#0,"""「レランガム撃破」"""
00000374#0,"""「ピッタ・ワッダ撃破」"""
00000375#0,"""「お月見開催します！」"""
00000376#0,"""「赤色のコンテナを破壊する」"""
00000377#0,"""「ラケシスに話しかける」"""
00000378#0,"""「ニャウ撃破」"""
00000379#0,"""「走破演習：ウォパル」"""
00000380#0,"""「お月見にはお団子が必要？」"""
00000381#0,"""「パジャドゥリンの暴走を止めろ！」"""
00000382#0,"""「飛翔剣についてご存知？」"""
00000383#0,"""「イザオガル撃破」"""
00000384#0,"""「花舞の観察」"""
00000385#0,"""「デモリション・アンビションⅠ」"""
00000386#0,"""「パラタ・ピコーダ撃破」"""
00000387#0,"""「アヌシザグリ撃破」"""
00000388#0,"""「」"""
00000389#0,"""「ボンタ・ベアッダ撃破」"""
00000390#0,"""「レランガム撃破」"""
00000391#0,"""「ピッタ・ワッダ撃破」"""
00000392#0,"""「ビアに話しかける」"""
00000393#0,"""「黒に染まる領域」"""
00000394#0,"""「魔装脚の使い方」"""
00000395#0,"""「アドオガル撃破」"""
00000396#0,"""「ファーマに話しかける」"""
00000397#0,"""「パジギッリ撃破」"""
00000398#0,"""「白ノ領域探索」"""
00000399#0,"""「ギグル・グンネガム撃破」"""
00000400#0,"""「PSEバーストを発生させる」"""
00000401#0,"""「魔法使いになれるかな？」"""
00000402#0,"""「ニャウ撃破」"""
00000403#0,"""「シグノガン撃破」"""
00000404#0,"""「トランマイザー撃破」"""
00000405#0,"""「侵入者たちを追い払え！」"""
00000406#0,"""「FUNスクラッチを引く」"""
00000407#0,"""「ヤクトディンゲール撃破」"""
00000408#0,"""「スパルダンＡ撃破」"""
00000409#0,"""「ファイナに話しかける」"""
00000410#0,"""「オル・ミクダ撃破」"""
00000411#0,"""「ヴィントバルガー撃破」"""
00000412#0,"""「カストガーディナン撃破」"""
00000413#0,"""「」"""
00000414#0,"""「カストキンディッド撃破」"""
00000415#0,"""「ガノンバルガー撃破」"""
00000416#0,"""「トリックオアトリート３！」"""
00000417#0,"""「緑色のコンテナを破壊する」"""
00000418#0,"""「スパルガン撃破」"""
00000419#0,"""「ディンゲール撃破」"""
00000420#0,"""「任意のプレイヤーにグッジョブを送信する」"""
00000421#0,"""「お菓子は良い子のためのもの！」"""
00000422#0,"""「リューダソーサラー撃破」"""
00000423#0,"""「シグノビート撃破」"""
00000424#0,"""「ブリュンダール撃破」"""
00000425#0,"""「パンプキンパイはどこに！」"""
00000426#0,"""「メセタンシューターでクイーンメセタンを撃破する」"""
00000427#0,"""「ファルカボネ撃破」"""
00000428#0,"""「コインエクスチェンジャーでカジノコインを獲得する」"""
00000429#0,"""「マターボード：【創り出されしものへの追憶】入手」"""
00000430#0,"""「風船にアクセスする」"""
00000431#0,"""「メセタンシューターでＰＳＥバーストを発生させる」"""
00000432#0,"""「ラッピースロットでラッピーＰＳＥバーストを発生させる」"""
00000433#0,"""「ラッピースロットのスロット台にアクセスする」"""
00000434#0,"""「造龍集う死の海域」"""
00000435#0,"""「ネプト・キャサドーラ撃破」"""
00000436#0,"""「ヴィド・ギロス撃破」"""
00000437#0,"""「アクルプス撃破」"""
00000438#0,"""「」"""
00000439#0,"""「ブルメガーラ撃破」"""
00000440#0,"""「ファンガルフル撃破」"""
00000441#0,"""「ヴァラディナン撃破」"""
00000442#0,"""「ブリュンダール撃破」"""
00000443#0,"""「メセタンシューターの座席にアクセスする」"""
00000444#0,"""「バル・ロドス撃破」"""
00000445#0,"""「シルト・グリミアン撃破」"""
00000446#0,"""「リリーパ族の落書きにアクセスする」"""
00000447#0,"""「ドリュアーダ撃破」"""
00000448#0,"""「フリードリンクスタンドにアクセスする」"""
00000449#0,"""「マターボード：【明日を待つ】入手」"""
00000450#0,"""「メセタンシューターでニャウを撃破する」"""
00000451#0,"""「コインエクスチェンジャーでカジノコインを獲得する」"""
00000452#0,"""「ディカーダ撃破」"""
00000453#0,"""「マグにアイテムを与える」"""
00000454#0,"""「プレディカーダ撃破」"""
00000455#0,"""「リューダソーサラー撃破」"""
00000456#0,"""「ピッタ・ワッダ撃破」"""
00000457#0,"""「聖夜の準備は突然に」"""
00000458#0,"""「ファイナに話しかける」"""
00000459#0,"""「漆黒の羽根はお邪魔虫？」"""
00000460#0,"""「アスタルテの個人授業」"""
00000461#0,"""「ガルフル撃破」"""
00000462#0,"""「ファンガルフル撃破」"""
00000463#0,"""「」"""
00000464#0,"""「キングイエーデ撃破」"""
00000465#0,"""「イエーデ撃破」"""
00000466#0,"""「パラタ・ピコーダ撃破」"""
00000467#0,"""「寒さを和らげるアイテムって？」"""
00000468#0,"""「緑色のコンテナを破壊する」"""
00000469#0,"""「良い子のための詰め合わせ！」"""
00000470#0,"""「ボンタ・ベアッダ撃破」"""
00000471#0,"""「ソルダ・カピタ撃破」"""
00000472#0,"""「グル・ソルダ撃破」"""
00000473#0,"""「マルモス撃破」"""
00000474#0,"""「ドゥエ・ソルダ撃破」"""
00000475#0,"""「フリードリンクスタンドにアクセスする」"""
00000476#0,"""「クラフト訓練・梅」"""
00000477#0,"""「クラーダ撃破」"""
00000478#0,"""「ファング・バンサー撃破」"""
00000479#0,"""「マターボード：【EP3-2 創り出されしものへの追憶】入手」"""
00000480#0,"""「反復加工訓練・打撃武器」"""
00000481#0,"""「猛る黒曜の暴腕」"""
00000482#0,"""「アギニス撃破」"""
00000483#0,"""「任意のアイテムの強化を成功させる」"""
00000484#0,"""「ガロンゴ撃破」"""
00000485#0,"""「降臨する星滅の災厄」"""
00000486#0,"""「ダーク・ラグネ撃破」"""
00000487#0,"""「ブリアーダ撃破」"""
00000488#0,"""「オ・ヴァラディナン撃破」"""
00000489#0,"""「ノエミに話しかける」"""
00000490#0,"""「ゼッシュレイダ撃破」"""
00000491#0,"""「深遠に至りし巨なる躯」"""
00000492#0,"""「カルターゴ撃破」"""
00000493#0,"""「任意のドリンクを飲む」"""
00000494#0,"""「ダーガッシュ撃破」"""
00000495#0,"""「採掘基地防衛戦：襲来」"""
00000496#0,"""「反復加工訓練・射撃武器」"""
00000497#0,"""「ダガン撃破」"""
00000498#0,"""「ファング・バンシー撃破」"""
00000499#0,"""「マターボード：【EP1-3 不測の予測が見せるもの】入手」"""
00000500#0,"""「反復加工訓練・法撃武器」"""
00000501#0,"""「ディガーラ撃破」"""
00000502#0,"""「ダーガッシュ撃破」"""
00000503#0,"""「パーティー演習・Ⅰ」"""
00000504#0,"""「バノリディアン撃破」"""
00000505#0,"""「ス・ヴァラディナン撃破」"""
00000506#0,"""「白の民の町を守って！ Ⅰ」"""
00000507#0,"""「メセタンシューターの座席にアクセスする」"""
00000508#0,"""「ラッピースロットのスロット台にアクセスする」"""
00000509#0,"""「風船にアクセスする」"""
00000510#0,"""「白の民の町を守って！ Ⅲ」"""
00000511#0,"""「イエーデ撃破」"""
00000512#0,"""「緑色のコンテナを破壊する」"""
00000513#0,"""「タルボルプス撃破」"""
00000514#0,"""「ファイナに話しかける」"""
00000515#0,"""「キングイエーデ撃破」"""
00000516#0,"""「白の民の町を守って！ Ⅱ」"""
00000517#0,"""「FUNスクラッチを引く」"""
00000518#0,"""「マグにアイテムを与える」"""
00000519#0,"""「任意のプレイヤーにグッジョブを送信する」"""
00000520#0,"""「白の民の町を守って！ Ⅳ」"""
00000521#0,"""「ピッタ・ワッダ撃破」"""
00000522#0,"""「イザオガル撃破」"""
00000523#0,"""「パーティー演習・Ⅱ」"""
00000524#0,"""「ガンナガム撃破」"""
00000525#0,"""「シグノビート撃破」"""
00000526#0,"""「灼熱のバレンタイン? Ⅰ」"""
00000527#0,"""「ディッグ撃破」"""
00000528#0,"""「ディランダール撃破」"""
00000529#0,"""「ノーディラン撃破」"""
00000530#0,"""「灼熱のバレンタイン? Ⅱ」"""
00000531#0,"""「ダブリュンダ撃破」"""
00000532#0,"""「任意のアイテムの強化を成功させる」"""
00000533#0,"""「未知なる試練」"""
00000534#0,"""「PSEバーストを発生させる」"""
00000535#0,"""「ピッタ・ワッダ撃破」"""
00000536#0,"""「カメオに話しかける」"""
00000537#0,"""「コインエクスチェンジャーでカジノコインを獲得する」"""
00000538#0,"""「ブラナディアン撃破」"""
00000539#0,"""「リリーパ族の落書きにアクセスする」"""
00000540#0,"""「クラリスクレイスに話しかける」"""
00000541#0,"""「ダブリューネ撃破」"""
00000542#0,"""「任意のアイテムの属性強化を成功させる」"""
00000543#0,"""「痛撃の鋭角」"""
00000544#0,"""「『クエストクリア時』に設定したオートワードを発動させる」"""
00000545#0,"""「パラタ・ピコーダ撃破」"""
00000546#0,"""「お手本があればいいんだけど……」"""
00000547#0,"""「シル・ディーニアン撃破」"""
00000548#0,"""「ソル・ディランダール撃破」"""
00000549#0,"""「ペンドラン撃破」"""
00000550#0,"""「ケースにも真心をこめて」"""
00000551#0,"""「ドラゴン・エクス撃破」"""
00000552#0,"""「マターボード：【EP3-3 禍なる伝承】入手」"""
00000553#0,"""「レランガム撃破」"""
00000554#0,"""「ネプト・キャサドーラ撃破」"""
00000555#0,"""「レオマドゥラード撃破」"""
00000556#0,"""「ギグル・グンネガム撃破」"""
00000557#0,"""「ヴォル・ドラゴン撃破」"""
00000558#0,"""「ボンタ・ベアッダ撃破」"""
00000559#0,"""「ファングバンシー撃破」"""
00000560#0,"""「飛来せし鉄の巨影」"""
00000561#0,"""「ヴィドルーダ撃破」"""
00000562#0,"""「ウォルガーダ撃破」"""
00000563#0,"""「ビオル・メデューナ撃破」"""
00000564#0,"""「キャタドラン撃破」"""
00000565#0,"""「ランズ・ヴァレーダ撃破」"""
00000566#0,"""「ブリュー・リンガーダ撃破」"""
00000567#0,"""「ファングバンサー撃破」"""
00000568#0,"""「ディカーダ撃破」"""
00000569#0,"""「アンジャドゥリリ撃破」"""
00000570#0,"""「任意のエクストリームクエストのクリア」"""
00000571#0,"""「トランマイザー撃破」"""
00000572#0,"""「ゼッシュレイダ撃破」"""
00000573#0,"""「ガンナガム撃破」"""
00000574#0,"""「マターボード：【EP1-8 壊れた歴史をもう一度】入手」"""
00000575#0,"""「」"""
00000576#0,"""「」"""
00000577#0,"""「」"""
00000578#0,"""「」"""
00000579#0,"""「」"""
00000580#0,"""「ラッピースロットのスロット台にアクセスする」"""
00000581#0,"""「グル・ソルダ撃破」"""
00000582#0,"""「リューダソーサラー撃破」"""
00000583#0,"""「ヴァラディナン撃破」"""
00000584#0,"""「静穏を破りし大海の脅威」"""
00000585#0,"""「ダブリューネ撃破」"""
00000586#0,"""「ソルダ・カピタ撃破」"""
00000587#0,"""「緑色のコンテナを破壊する」"""
00000588#0,"""「ファルガルボン撃破」"""
00000589#0,"""「ファイナに話しかける」"""
00000590#0,"""「ドリュアーダ撃破」"""
00000591#0,"""「ドゥエ・ソルダ撃破」"""
00000592#0,"""「赤色のコンテナを破壊する」"""
00000593#0,"""「ヴィド・ギロス撃破」"""
00000594#0,"""「ランズ・ヴァレーダ撃破」"""
00000595#0,"""「ダブリュンダ撃破」"""
00000596#0,"""「メセタンシューターでキングメセタンを撃破する」"""
00000597#0,"""「ファルカボネ撃破」"""
00000598#0,"""「タロベッコ撃破」"""
00000599#0,"""「タグ・アクルプス撃破」"""
00000600#0,"""「メセタンシューターでニャウを撃破する」"""
00000601#0,"""「シュトゥラーダ撃破」"""
00000602#0,"""「ソル・サディニアン撃破」"""
00000603#0,"""「ハチャメチャなホワイトデー？ Ⅰ」"""
00000604#0,"""「サディニアン撃破」"""
00000605#0,"""「ホワイトデーは大わらわ３」"""
00000606#0,"""「バリドラン撃破」"""
00000607#0,"""「ナノンに話しかける」"""
00000608#0,"""「ダーガッシュ撃破」"""
00000609#0,"""「フリードリンクスタンドにアクセスする」"""
00000610#0,"""「ノーディランサ撃破」"""
00000611#0,"""「ハチャメチャなホワイトデー？ Ⅱ」"""
00000612#0,"""「ディガーラ撃破」"""
00000613#0,"""「」"""
00000614#0,"""「ソル・ディガーラ撃破」"""
00000615#0,"""「大型エネミーから会場を防衛せよ！」"""
00000616#0,"""「ペンドラン撃破」"""
00000617#0,"""「任意のドリンクを飲む」"""
00000618#0,"""「ダガッチャ撃破」"""
00000619#0,"""「アークマミに話しかける」"""
00000620#0,"""「フォードランサ撃破」"""
00000621#0,"""「ティラルーダ撃破」"""
00000622#0,"""「シル・サディニアン撃破」"""
00000623#0,"""「キラキラの贈り物を！」"""
00000624#0,"""「セト・サディニアン撃破」"""
00000625#0,"""「ソル・ディランダール撃破」"""
00000626#0,"""「グウォンダ撃破」"""
00000627#0,"""「マターボード：【EP2-1 違えた道の行き先は】入手」"""
00000628#0,"""「スノウバンサー撃破」"""
00000629#0,"""「ホワイトデーは大わらわ３」"""
00000630#0,"""「ダーカイムを破壊せよ！」"""
00000631#0,"""「ファルス・アンゲル撃破」"""
00000632#0,"""「クラバーダ撃破」"""
00000633#0,"""「ウォルガーダ撃破」"""
00000634#0,"""「サイクロネーダ撃破」"""
00000635#0,"""「闇へのいざない」"""
00000636#0,"""「クォーツ・ドラゴン撃破」"""
00000637#0,"""「ゴロンゾラン撃破」"""
00000638#0,"""「」"""
00000639#0,"""「ランズ・ヴァレーダ撃破」"""
00000640#0,"""「ドラゴン・エクス撃破」"""
00000641#0,"""「デコル・マリューダ撃破」"""
00000642#0,"""「キュクロナーダ撃破」"""
00000643#0,"""「マターボード：【EP3-3 禍なる伝承】入手」"""
00000644#0,"""「水上艦の動力源を破壊しろ！」"""
00000645#0,"""「ブリュー・リンガーダ撃破」"""
00000646#0,"""「マグにアイテムを与える」"""
00000647#0,"""「ダーク・ラグネ撃破」"""
00000648#0,"""「スノウ・バンシー撃破」"""
00000649#0,"""「ゼッシュレイダ撃破」"""
00000650#0,"""「キャタドランサ撃破」"""
00000651#0,"""「まずは安全確保から！\u3000Ⅰ」"""
00000652#0,"""「マグにアイテムを与える」"""
00000653#0,"""「シグノガン撃破」"""
00000654#0,"""「ダガン撃破」"""
00000655#0,"""「まずは安全確保から！\u3000Ⅱ」"""
00000656#0,"""「メセタンシュータ―をプレイする」"""
00000657#0,"""「任意のプレイヤーにグッジョブを送信する」"""
00000658#0,"""「エル・アーダ撃破」"""
00000659#0,"""「任意のドリンクを飲む」"""
00000660#0,"""「ラッピースロットをプレイする」"""
00000661#0,"""「リリーパ族集落防衛」"""
00000662#0,"""「FUNスクラッチを引く」"""
00000663#0,"""「」"""
00000664#0,"""「緑色のコンテナを破壊する」"""
00000665#0,"""「ワイルドイースター２」"""
00000666#0,"""「ディンゲール撃破」"""
00000667#0,"""「ソルダ・カピタ撃破」"""
00000668#0,"""「ドゥエ・ソルダ撃破」"""
00000669#0,"""「ブラックニャックをプレイする」"""
00000670#0,"""「スパルダンＡ撃破」"""
00000671#0,"""「模様にもこだわりを！」"""
00000672#0,"""「リューダソーサラー撃破」"""
00000673#0,"""「ギルナッチ撃破」"""
00000674#0,"""「ランズ・ヴァレーダ撃破」"""
00000675#0,"""「小さな友人を助けて！」"""
00000676#0,"""「ディカーダ撃破」"""
00000677#0,"""「ヤクトディンゲールの剣刃の調達」"""
00000678#0,"""「メセタンシューターでキングメセタンを撃破する」"""
00000679#0,"""「バル・ロドス撃破」"""
00000680#0,"""「グル・ソルダ撃破」"""
00000681#0,"""「浮上施設のブーストエネミー・Ⅰ」"""
00000682#0,"""「ドラゴン・エクス撃破」"""
00000683#0,"""「カストキンディッド撃破」"""
00000684#0,"""「オルグブラン撃破」"""
00000685#0,"""「新たなランクで力試し」"""
00000686#0,"""「シュトゥラーダ撃破」"""
00000687#0,"""「任意のアイテムの属性強化を成功させる」"""
00000688#0,"""「」"""
00000689#0,"""「任意のアイテムの強化を成功させる」"""
00000690#0,"""「プレディカーダ撃破」"""
00000691#0,"""「ファルス・ヒューナル撃破」"""
00000692#0,"""「トランマイザー撃破」"""
00000693#0,"""「ギルナス撃破」"""
00000694#0,"""「シグノビート撃破」"""
00000695#0,"""「ブリュー・リンガーダ撃破」"""
00000696#0,"""「マターボード：【EP3-4 霞んだ記録、微かな記憶】入手」"""
00000697#0,"""「ビオル・メデューナ撃破」"""
00000698#0,"""「赤色のコンテナを破壊する」"""
00000699#0,"""「ヴァーダーソーマの部位破壊を！」"""
00000700#0,"""「クラフト訓練・竹」"""
00000701#0,"""「ミクダ撃破」"""
00000702#0,"""「木々の状態の調査」"""
00000703#0,"""「ウーダン撃破」"""
00000704#0,"""「原生種の異常発生！？」"""
00000705#0,"""「ガロンゴ撃破」"""
00000706#0,"""「ガウォンダ撃破」"""
00000707#0,"""「カルターゴ撃破」"""
00000708#0,"""「ファイナに話しかける」"""
00000709#0,"""「クラバーダ撃破」"""
00000710#0,"""「グウォンダ撃破」"""
00000711#0,"""「ガルフ撃破」"""
00000712#0,"""「任意のアイテムの強化を成功させる」"""
00000713#0,"""「」"""
00000714#0,"""「任意のアイテムの属性強化を成功させる」"""
00000715#0,"""「フォンガルフ撃破」"""
00000716#0,"""「ダガッチャ撃破」"""
00000717#0,"""「キュクロナーダ撃破」"""
00000718#0,"""「緑色のコンテナを破壊する」"""
00000719#0,"""「サイクロネーダ撃破」"""
00000720#0,"""「ダーガッシュ撃破」"""
00000721#0,"""「アギニス撃破」"""
00000722#0,"""「侵食の懸念」"""
00000723#0,"""「ザウーダン撃破」"""
00000724#0,"""「雨に咲く紫の花」"""
00000725#0,"""「オル・ミクダ撃破」"""
00000726#0,"""「装甲獣の洗礼」"""
00000727#0,"""「ファングバンサー撃破」"""
00000728#0,"""「ラッピーなる希少種」"""
00000729#0,"""「ダーク・ラグネ撃破」"""
00000730#0,"""「戦闘機防衛」"""
00000731#0,"""「ネプト・キャサドーラ撃破」"""
00000732#0,"""「ナヴ・ラッピー撃破」"""
00000733#0,"""「マターボード：【EP3-4 霞んだ記録、微かな記憶】入手」"""
00000734#0,"""「嵐の贈り物」"""
00000735#0,"""「レオマドゥラード撃破」"""
00000736#0,"""「ニャウなる希少種」"""
00000737#0,"""「ロックベア撃破」"""
00000738#0,"""「」"""
00000739#0,"""「デ・マルモス撃破」"""
00000740#0,"""「ウォルガーダ撃破」"""
00000741#0,"""「闇を生む霧」"""
00000742#0,"""「ベイゼ破壊」"""
00000743#0,"""「雨風とともに３」"""
00000744#0,"""「クラリスクレイスに話しかける」"""
00000745#0,"""「暗き回転独楽」"""
00000746#0,"""「メセタンシューターでキングメセタンを撃破する」"""
00000747#0,"""「ファングバンシー撃破」"""
00000748#0,"""「スノウバンサー撃破」"""
00000749#0,"""「ゼッシュレイダ撃破」"""
00000750#0,"""「群れる野獣」"""
00000751#0,"""「ピッタ・ワッダ撃破」"""
00000752#0,"""「リューダソーサラー撃破」"""
00000753#0,"""「ブラックニャックをプレイする」"""
00000754#0,"""「エル・アーダ撃破」"""
00000755#0,"""「シュトゥラーダ撃破」"""
00000756#0,"""「グワナーダ撃破」"""
00000757#0,"""「ファイナに話しかける」"""
00000758#0,"""「カルターゴ撃破」"""
00000759#0,"""「ティラルーダ撃破」"""
00000760#0,"""「ヴェロシティ・アニヒレート・Ⅱ」"""
00000761#0,"""「エドアールに話しかける」"""
00000762#0,"""「任意のドリンクを飲む」"""
00000763#0,"""「」"""
00000764#0,"""「FUNスクラッチを引く」"""
00000765#0,"""「『クエストクリア時』に設定したオートワードを発動させる」"""
00000766#0,"""「砂漠の黒飛蝗」"""
00000767#0,"""「ブリュンダール撃破」"""
00000768#0,"""「ミクダ撃破」"""
00000769#0,"""「緑色のコンテナを破壊する」"""
00000770#0,"""「ヴェロシティ・アニヒレート・Ⅰ」"""
00000771#0,"""「パラタ・ピコーダ撃破」"""
00000772#0,"""「ガウォンダ撃破」"""
00000773#0,"""「ダガン撃破」"""
00000774#0,"""「ブリアーダ撃破」"""
00000775#0,"""「ボンタ・ベアッダ撃破」"""
00000776#0,"""「ズグラフ撃破」"""
00000777#0,"""「ユグルドラーダ撃破」"""
00000778#0,"""「ガルフ撃破」"""
00000779#0,"""「カイズフォエーゴ撃破」"""
00000780#0,"""「ナイトギア撃破」"""
00000781#0,"""「ユーガディカーダ撃破」"""
00000782#0,"""「ロックベア撃破」"""
00000783#0,"""「シル・ディーニアン撃破」"""
00000784#0,"""「シグノガン撃破」"""
00000785#0,"""「ギブルーダン撃破」"""
00000786#0,"""「マルモス撃破」"""
00000787#0,"""「スパルガン撃破」"""
00000788#0,"""「」"""
00000789#0,"""「メセタンシューターでニャウを撃破する」"""
00000790#0,"""「ガロンゴ撃破」"""
00000791#0,"""「PSEバーストを発生させる」"""
00000792#0,"""「グランディルガ撃破」"""
00000793#0,"""「シル・サディニアン撃破」"""
00000794#0,"""「デ・マルモス撃破」"""
00000795#0,"""「プロジオーグルス撃破」"""
00000796#0,"""「ドラゴン・エクス撃破」"""
00000797#0,"""「ディアボイグリシス撃破」"""
00000798#0,"""「ガルフル撃破」"""
00000799#0,"""「ベーアリブルス撃破」"""
00000800#0,"""「バルグラフ撃破」"""
00000801#0,"""「リゾート計画の始まり！」"""
00000802#0,"""「ニッサに話しかける」"""
00000803#0,"""「タグ・セヴァニアン撃破」"""
00000804#0,"""「任意のプレイヤーにグッジョブを送信する」"""
00000805#0,"""「安全確保を万全に！」"""
00000806#0,"""「クラバーダ撃破」"""
00000807#0,"""「タルボルプス撃破」"""
00000808#0,"""「緑色のコンテナを破壊する」"""
00000809#0,"""「セグレズン撃破」"""
00000810#0,"""「シルト・グリミアン撃破」"""
00000811#0,"""「タロベッコ撃破」"""
00000812#0,"""「FUNスクラッチを引く」"""
00000813#0,"""「」"""
00000814#0,"""「任意のドリンクを飲む」"""
00000815#0,"""「ブルトルボン撃破」"""
00000816#0,"""「バノリディアン撃破」"""
00000817#0,"""「ビーチウォーズ３！」"""
00000818#0,"""「アルトに話しかける」"""
00000819#0,"""「アクルプス撃破」"""
00000820#0,"""「ダーガッシュ撃破」"""
00000821#0,"""「お呼びでない侵入者！？」"""
00000822#0,"""「マグにアイテムを与える」"""
00000823#0,"""「セヴァニアン撃破」"""
00000824#0,"""「ノエミに話しかける」"""
00000825#0,"""「ダイビングの必需品？」"""
00000826#0,"""「赤色のコンテナを破壊する」"""
00000827#0,"""「ヴォル・ドラゴン撃破」"""
00000828#0,"""「メセタンシューターをプレイする」"""
00000829#0,"""「任意のアドバンスクエストのクリア」"""
00000830#0,"""「刃片と貝殻の調達」"""
00000831#0,"""「対なる好敵手」"""
00000832#0,"""「ヴィド・ギロス撃破」"""
00000833#0,"""「任意のアイテムの強化を成功させる」"""
00000834#0,"""「リゾート計画防衛戦！？」"""
00000835#0,"""「ゼッシュレイダ撃破」"""
00000836#0,"""「ダガン撃破」"""
00000837#0,"""「ドラゴン・エクス撃破」"""
00000838#0,"""「」"""
00000839#0,"""「キャタドラン撃破」"""
00000840#0,"""「エル・アーダ撃破」"""
00000841#0,"""「ネプト・キャサドーラ撃破」"""
00000842#0,"""「ブリュー・リンガーダ撃破」"""
00000843#0,"""「任意のアイテムの属性強化を成功させる」"""
00000844#0,"""「ファルカボネ撃破」"""
00000845#0,"""「デコル・マリューダ撃破」"""
00000846#0,"""「鱗と鋭棘の調達」"""
00000847#0,"""「マターボード：【EP3-5  闇を抱いた歴史】入手」"""
00000848#0,"""「ブラックニャックをプレイする」"""
00000849#0,"""「ギグル・グンネガム撃破」"""
00000850#0,"""「竜宮の駒からの挑戦」"""
00000851#0,"""「パジゴワン撃破」"""
00000852#0,"""「霊山侵入」"""
00000853#0,"""「ミクダ撃破」"""
00000854#0,"""「マーダ・トカッタ撃破」"""
00000855#0,"""「コドニアガリ撃破」"""
00000856#0,"""「バン・オガキバル撃破」"""
00000857#0,"""「あのお月見をもう一度！」"""
00000858#0,"""「ボンタ・バクタ撃破」"""
00000859#0,"""「みんなを笑顔にするために」"""
00000860#0,"""「ガウ・オガキバル撃破」"""
00000861#0,"""「ビクダ・ラビッタ撃破」"""
00000862#0,"""「ディカーダ撃破」"""
00000863#0,"""「」"""
00000864#0,"""「プレディカーダ撃破」"""
00000865#0,"""「オロタ・ビケッタ撃破」"""
00000866#0,"""「お団子を懸けた戦い!?」"""
00000867#0,"""「黒ノ領域の怪奇現象!?」"""
00000868#0,"""「緑色のコンテナを破壊する」"""
00000869#0,"""「お月見まであと一歩！」"""
00000870#0,"""「ボル・オガキバル撃破」"""
00000871#0,"""「オロオガル撃破」"""
00000872#0,"""「コドッタ・イーデッタ撃破」"""
00000873#0,"""「オル・ミクダ撃破」"""
00000874#0,"""「ファイナに話しかける」"""
00000875#0,"""「イタギザクリ撃破」"""
00000876#0,"""「アドオガル撃破」"""
00000877#0,"""「コドッタ・イーデッタ撃破」"""
00000878#0,"""「アヌシザグリ撃破」"""
00000879#0,"""「ギグル・グンネガム撃破」"""
00000880#0,"""「ボンタ・ベアッダ撃破」"""
00000881#0,"""「禍魂集いし戦道」"""
00000882#0,"""「ボル・オガキバルを討伐せよ！」"""
00000883#0,"""「参道に立ち塞がりし悪鬼」"""
00000884#0,"""「バン・オガキバルを討伐せよ！」"""
00000885#0,"""「ジャストアタック特訓・黒ノ領域」"""
00000886#0,"""「ラッピーなる希少種」"""
00000887#0,"""「レランガム撃破」"""
00000888#0,"""「ギルナス撃破」"""
00000889#0,"""「ガンナガム撃破」"""
00000890#0,"""「ニャウなる希少種」"""
00000891#0,"""「マターボード：【EP3-6 想いの辿り着く先】入手」"""
00000892#0,"""「ガウ・オガキバルを討伐せよ！」"""
00000893#0,"""「イザオガル撃破」"""
00000894#0,"""「PAカスタマイズを実行する」"""
00000895#0,"""「ダーク・ラグネ撃破」"""
00000896#0,"""「ピッタ・ワッダ撃破」"""
00000897#0,"""「グアル・ジグモルデ撃破」"""
00000898#0,"""「パジギッリ撃破」"""
00000899#0,"""「アンジャドゥリリ撃破」"""
00000900#0,"""「パラタ・ピコーダ撃破」"""
00000901#0,"""「カストガーディナン撃破」"""
00000902#0,"""「ヴィントバルガー撃破」"""
00000903#0,"""「ガノンバルガー撃破」"""
00000904#0,"""「ヤクトバルガー撃破」"""
00000905#0,"""「スパルガン撃破」"""
00000906#0,"""「マシンノイズに誘われて」"""
00000907#0,"""「ビクダ・ラビッタ撃破」"""
00000908#0,"""「」"""
00000909#0,"""「」"""
00000910#0,"""「暴れる玩具は玩具箱へ！」"""
00000911#0,"""「シグノガン撃破」"""
00000912#0,"""「ファイナに話しかける」"""
00000913#0,"""「緑色のコンテナを破壊する」"""
00000914#0,"""「トリックオアクリーク！？」"""
00000915#0,"""「シグノビート撃破」"""
00000916#0,"""「ポップでホラーなロリポップ」"""
00000917#0,"""「マーダ・トカッタ撃破」"""
00000918#0,"""「ファーマに話しかける」"""
00000919#0,"""「ボンタ・ベアッダ撃破」"""
00000920#0,"""「知られざる匠の技巧」"""
00000921#0,"""「スパルダンA撃破」"""
00000922#0,"""「ボンタ・バクタ撃破」"""
00000923#0,"""「ピッタ・ワッダ撃破」"""
00000924#0,"""「パラタ・ピコーダ撃破」"""
00000925#0,"""「カストキンディッド撃破」"""
00000926#0,"""「ガーディンのフレームの調達」"""
00000927#0,"""「ランズ・ヴァレーダ撃破」"""
00000928#0,"""「任意のアイテムの強化を成功させる」"""
00000929#0,"""「ゼータ・グランゾ撃破」"""
00000930#0,"""「ニャウなる希少種」"""
00000931#0,"""「砂漠の新たな試練」"""
00000932#0,"""「ドゥエ・ソルダ撃破」"""
00000933#0,"""「赤色のコンテナを破壊する」"""
00000934#0,"""「ソルダ・カピタ撃破」"""
00000935#0,"""「トリックオアトリート４！」"""
00000936#0,"""「ディンゲール撃破」"""
00000937#0,"""「ブラックニャックをプレイする」"""
00000938#0,"""「」"""
00000939#0,"""「PAカスタマイズを実行する」"""
00000940#0,"""「ヤクトディンゲール撃破」"""
00000941#0,"""「ビッグヴァーダー撃破」"""
00000942#0,"""「グル・ソルダ撃破」"""
00000943#0,"""「ノートブルガに話しかける」"""
00000944#0,"""「リューダソーサラー撃破」"""
00000945#0,"""「マターボード：【EP3-7 彼の日を超えて、その先へ】入手」"""
00000946#0,"""「ラッピーなる希少種」"""
00000947#0,"""「オロタ・ビケッタ撃破」"""
00000948#0,"""「任意のアイテムの属性強化を成功させる」"""
00000949#0,"""「コドッタ・イーデッタ撃破」"""
00000950#0,"""「ギルナスの装甲の調達」"""
00000951#0,"""「クリスマスキャロルは突然に」"""
00000952#0,"""「プレディカーダ撃破」"""
00000953#0,"""「マグにアイテムを与える」"""
00000954#0,"""「デ・マルモス撃破」"""
00000955#0,"""「ダーカー・イン・ザ・ナイト」"""
00000956#0,"""「ブリュンダール撃破」"""
00000957#0,"""「パラタ・ピコーダ撃破」"""
00000958#0,"""「任意のドリンクを飲む」"""
00000959#0,"""「ガルフル撃破」"""
00000960#0,"""「マルモス撃破」"""
00000961#0,"""「ラッピースロットをプレイする」"""
00000962#0,"""「ラケシスに話しかける」"""
00000963#0,"""「」"""
00000964#0,"""「アルトに話しかける」"""
00000965#0,"""「ブラックニャックをプレイする」"""
00000966#0,"""「ファンガルフル撃破」"""
00000967#0,"""「イエーデ撃破」"""
00000968#0,"""「FUNスクラッチを引く」"""
00000969#0,"""「ボンタ・バクタ撃破」"""
00000970#0,"""「ピッタ・ワッダ撃破」"""
00000971#0,"""「ジングル・ゴーマイウェイ！」"""
00000972#0,"""「デコル・マリューダ撃破」"""
00000973#0,"""「緑色のコンテナを破壊する」"""
00000974#0,"""「リューダソーサラー撃破」"""
00000975#0,"""「ラッピーは二度ベルを鳴らす！？」"""
00000976#0,"""「ニャウなる希少種」"""
00000977#0,"""「ビクダ・ラビッタ撃破」"""
00000978#0,"""「赤色のコンテナを破壊する」"""
00000979#0,"""「氷上のメリークリスマス４」"""
00000980#0,"""「ダモス撃破」"""
00000981#0,"""「ジャストアタック特訓・黒ノ領域」"""
00000982#0,"""「ボンタ・ベアッダ撃破」"""
00000983#0,"""「ジグに話しかける」"""
00000984#0,"""「ドゥエ・ソルダ撃破」"""
00000985#0,"""「イレイザー・レポート・Ⅳ」"""
00000986#0,"""「シュトゥラーダ撃破」"""
00000987#0,"""「任意のアイテムの属性強化を成功させる」"""
00000988#0,"""「」"""
00000989#0,"""「任意のアイテムの強化を成功させる」"""
00000990#0,"""「ティラルーダ撃破」"""
00000991#0,"""「ブラッディ・スカフォード・Ⅴ」"""
00000992#0,"""「ガル・グリフォン撃破」"""
00000993#0,"""「任意のプレイヤーにグッジョブを送信する」"""
00000994#0,"""「巨大な玩具の破片の調達」"""
00000995#0,"""「任意のエクストリームクエストのクリア」"""
00000996#0,"""「マーダ・トカッタ撃破」"""
00000997#0,"""「ブリュー・リンガーダ撃破」"""
00000998#0,"""「デモリション・アンビション・Ⅱ」"""
00000999#0,"""「マターボード：【EP3-8 煌き来たりて】入手」"""
00001000#0,"""「ラッピーなる希少種」"""
00001001#0,"""「イエーデ撃破」"""
00001002#0,"""「シル・ディーニアン撃破」"""
00001003#0,"""「ディーニアン撃破」"""
00001004#0,"""「ソル・ディーニアン撃破」"""
00001005#0,"""「ヴォル・ドラゴン撃破」"""
00001006#0,"""「ギルナッチ撃破」"""
00001007#0,"""「デコル・マリューダ撃破」"""
00001008#0,"""「ピエトロに話しかける」"""
00001009#0,"""「ファンガルフル撃破」"""
00001010#0,"""「ダブリュンダ撃破」"""
00001011#0,"""「ボンタ・バクタ撃破」"""
00001012#0,"""「メセタンシューターをプレイする」"""
00001013#0,"""「」"""
00001014#0,"""「ラッピースロットをプレイする」"""
00001015#0,"""「サイクロネーダ撃破」"""
00001016#0,"""「ヤクトバルガー撃破」"""
00001017#0,"""「フォンガルフ撃破」"""
00001018#0,"""「緑色のコンテナを破壊する」"""
00001019#0,"""「ブリュー・リンガーダ撃破」"""
00001020#0,"""「クラーダ撃破」"""
00001021#0,"""「ヴァーダーソーマ撃破」"""
00001022#0,"""「ノーディラン撃破」"""
00001023#0,"""「ディッグ撃破」"""
00001024#0,"""「フォードラン撃破」"""
00001025#0,"""「ザウーダン撃破」"""
00001026#0,"""「感謝祭を開催するよ！」"""
00001027#0,"""「ボル・オガキバル撃破」"""
00001028#0,"""「バン・オガキバル撃破」"""
00001029#0,"""「ガウ・オガキバル撃破」"""
00001030#0,"""「感謝祭の準備を始めるよ！」"""
00001031#0,"""「PSEバーストを発生させる」"""
00001032#0,"""「コドッタ・イーデッタ撃破」"""
00001033#0,"""「任意のおすすめクエストをクリアし、スペシャルギフトを入手する」"""
00001034#0,"""「ファイナに話しかける」"""
00001035#0,"""「トランマイザー撃破」"""
00001036#0,"""「オロタ・ビケッタ撃破」"""
00001037#0,"""「キャタドラン撃破」"""
00001038#0,"""「」"""
00001039#0,"""「グワナーダ撃破」"""
00001040#0,"""「リューダソーサラー撃破」"""
00001041#0,"""「ディカーダ撃破」"""
00001042#0,"""「赤色のコンテナを破壊する」"""
00001043#0,"""「ボンタ・ベアッダ撃破」"""
00001044#0,"""「ビクダ・ラビッタ撃破」"""
00001045#0,"""「プレディカーダ撃破」"""
00001046#0,"""「感謝祭の開催……できるかな？」"""
00001047#0,"""「特定封鎖区域討滅任務」"""
00001048#0,"""「ゼータ・グランゾ撃破」"""
00001049#0,"""「ストーリーボード1章「目覚めの時」クリア」"""
00001050#0,"""「幻創種なる新たな脅威」"""
00001051#0,"""「ブラックニャックをプレイする」"""
00001052#0,"""「ダーガッシュ撃破」"""
00001053#0,"""「エッグ合成をする」"""
00001054#0,"""「ウィンディラ撃破」"""
00001055#0,"""「シエラに話しかける」"""
00001056#0,"""「シュトゥラーダ撃破」"""
00001057#0,"""「ギャザリングをしてみましょー」"""
00001058#0,"""「FUNスクラッチを引く」"""
00001059#0,"""「ドリュアーダ撃破」"""
00001060#0,"""「セト・サディニアン撃破」"""
00001061#0,"""「任意のドリンクを飲む」"""
00001062#0,"""「アイーダに話しかける」"""
00001063#0,"""「」"""
00001064#0,"""「ヤーキスに話しかける」"""
00001065#0,"""「緑色のコンテナを破壊する」"""
00001066#0,"""「クラバーダ撃破」"""
00001067#0,"""「ピッタ・ワッダ撃破」"""
00001068#0,"""「マグにアイテムを与える」"""
00001069#0,"""「ディランダール撃破」"""
00001070#0,"""「ノーディランサ撃破」"""
00001071#0,"""「キャタドランサ撃破」"""
00001072#0,"""「グウォンダ撃破」"""
00001073#0,"""「キャンディをセットする」"""
00001074#0,"""「サイクロネーダ撃破」"""
00001075#0,"""「メセタンシューターをプレイする」"""
00001076#0,"""「ドラゴン・エクス撃破」"""
00001077#0,"""「スノウバンサー撃破」"""
00001078#0,"""「ダガン撃破」"""
00001079#0,"""「闇に煌く死神の鎌」"""
00001080#0,"""「ゴロンゾラン撃破」"""
00001081#0,"""「ブリュー・リンガーダ撃破」"""
00001082#0,"""「クォーツ・ドラゴンの鱗の調達」"""
00001083#0,"""「ピエトロに話しかける」"""
00001084#0,"""「ダーク・ラグネ撃破」"""
00001085#0,"""「浮遊大陸の新たな試練」"""
00001086#0,"""「１５式戦車撃破」"""
00001087#0,"""「オロタ・ビケッタ撃破」"""
00001088#0,"""「」"""
00001089#0,"""「ビクダ・ラビッタ撃破」"""
00001090#0,"""「赤色のコンテナを破壊する」"""
00001091#0,"""「ホワイトデーは大わらわ2016」"""
00001092#0,"""「ソル・ディランダール撃破」"""
00001093#0,"""キャンディを圧縮する」"""
00001094#0,"""「クォーツ・ドラゴン撃破」"""
00001095#0,"""「グル・ソルダ撃破」"""
00001096#0,"""「トレイン・ギドラン撃破」"""
00001097#0,"""「そびえ立つ黒き巨体」"""
00001098#0,"""「ゼッシュレイダ撃破」"""
00001099#0,"""「ブラッディ・スカフォード・Ⅰ」"""
00001100#0,"""「ウォルガーダ撃破」"""
00001101#0,"""「任意のプレイヤーにグッジョブを送信する」"""
00001102#0,"""「ガウォンダ撃破」"""
00001103#0,"""「リューダソーサラー撃破」"""
00001104#0,"""「メセタンシューターをプレイする」"""
00001105#0,"""「ファイナに話しかける」"""
00001106#0,"""「コドッタ・イーデッタ撃破」"""
00001107#0,"""「アールチェに話しかける」"""
00001108#0,"""「ヤクトバルガー撃破」"""
00001109#0,"""「ゴルドラーダ撃破」"""
00001110#0,"""「エッグ合成をする」"""
00001111#0,"""「ディカーダ撃破」"""
00001112#0,"""「シグノビート撃破」"""
00001113#0,"""「」"""
00001114#0,"""「カルターゴ撃破」"""
00001115#0,"""「オル・ミクダ撃破」"""
00001116#0,"""「マグにアイテムを与える」"""
00001117#0,"""「ブラック・スローター・Ⅰ」"""
00001118#0,"""「カストキンディッド撃破」"""
00001119#0,"""「任意のアイテムの強化を成功させる」"""
00001120#0,"""「カストガーディナン撃破」"""
00001121#0,"""「ラケシスに話しかける」"""
00001122#0,"""「任意のおすすめクエストをクリアしスペシャルギフトを入手する」"""
00001123#0,"""「オロタ・ビケッタ撃破」"""
00001124#0,"""「幻創種なる新たな脅威」"""
00001125#0,"""「緑色のコンテナを破壊する」"""
00001126#0,"""「ラッピースロットをプレイする」"""
00001127#0,"""「ウォルガーダ撃破」"""
00001128#0,"""「絶対黒壁」"""
00001129#0,"""「ワイルドイースター2016」"""
00001130#0,"""「ソフィアに話しかける」"""
00001131#0,"""「カストキンディッドの刃の調達」"""
00001132#0,"""「バル・ロドス撃破」"""
00001133#0,"""「ヴィントバルガー撃破」"""
00001134#0,"""「リングを強化する」"""
00001135#0,"""「風雷を喚びし凶鳥」"""
00001136#0,"""「ストーリークエスト2章「幻創の現実」クリア」"""
00001137#0,"""「ファルス・ヒューナル撃破」"""
00001138#0,"""「」"""
00001139#0,"""「マイルドマイルド・マーダー・Ⅲ」"""
00001140#0,"""「ノートブルガに話しかける」"""
00001141#0,"""「ヴリマ・レオパード撃破」"""
00001142#0,"""「デモリション・アンビション・Ⅲ」"""
00001143#0,"""「カイザーバルガー撃破」"""
00001144#0,"""「赤色のコンテナを破壊する」"""
00001145#0,"""「シノワラピドゥス撃破」"""
00001146#0,"""「任意のアイテムの属性強化を成功させる」"""
00001147#0,"""「ブリュー・リンガーダ撃破」"""
00001148#0,"""「ラッピーなる希少種」"""
00001149#0,"""「ファルケ・レオーネ撃破」"""
00001150#0,"""「特定封鎖区域討滅任務」"""
00001151#0,"""「Ｔ・レックス撃破」"""
00001152#0,"""「任意のドリンクを飲む」"""
00001153#0,"""「リングを作ってみましょー」"""
00001154#0,"""「プリンに話しかける」"""
00001155#0,"""「ファングバンシー撃破」"""
00001156#0,"""「チップに話しかける」"""
00001157#0,"""「ブラウンベア撃破」"""
00001158#0,"""「ＦＵＮスクラッチを引く」"""
00001159#0,"""「キャタドラン撃破」"""
00001160#0,"""「ピエトロに話しかける」"""
00001161#0,"""「キャンディをセットする」"""
00001162#0,"""「クラバーダ撃破」"""
00001163#0,"""「」"""
00001164#0,"""「ジャストアタック特訓・Ⅰ」"""
00001165#0,"""「新世武器能力強化講習」"""
00001166#0,"""「ティフリスに話しかける」"""
00001167#0,"""「ヴォル・ドラゴン撃破」"""
00001168#0,"""「フォンガルフ撃破」"""
00001169#0,"""「ポーラーベア撃破」"""
00001170#0,"""「ノエミに話しかける」"""
00001171#0,"""「ファングバンサー撃破」"""
00001172#0,"""「ヤーキスに話しかける」"""
00001173#0,"""「料理を作ってみましょー」"""
00001174#0,"""「マグにアイテムを与える」"""
00001175#0,"""「ロードローラー撃破」"""
00001176#0,"""「レオマドゥラード撃破」"""
00001177#0,"""「ベーアリブルス撃破」"""
00001178#0,"""「暴走せし警告色の鉄馬」"""
00001179#0,"""「解き放たれし鋼鉄の威信」"""
00001180#0,"""「デ・マルモス撃破」"""
00001181#0,"""「ブリュー・リンガーダ撃破」"""
00001182#0,"""「任意のおすすめクエストをクリアしスペシャルギフトを入手する」"""
00001183#0,"""「ドスゾンビ撃破」"""
00001184#0,"""「スノウバンサー撃破」"""
00001185#0,"""「チャカゾンビ撃破」"""
00001186#0,"""「幻創侵食核の調査依頼・Ⅰ」"""
00001187#0,"""「スネークヘリ撃破」"""
00001188#0,"""「」"""
00001189#0,"""「１５式戦車撃破」"""
00001190#0,"""「トレイン・ギドランの部位破壊を！」"""
00001191#0,"""「コドッタ・イーデッタ撃破」"""
00001192#0,"""「スノウバンシー撃破」"""
00001193#0,"""「PSEバーストを発生させる」"""
00001194#0,"""「ブラッディ・スカフォード・Ⅰ」"""
00001195#0,"""「ゼッシュレイダ撃破」"""
00001196#0,"""「ネプト・キャサドーラ撃破」"""
00001197#0,"""「メセタンシューターでクイーンメセタンを撃破する」"""
00001198#0,"""「極限訓練で力試し・Ⅰ」"""
00001199#0,"""「ディアボイグリシス撃破」"""
00001200#0,"""「ドラゴン・エクス撃破」"""
00001201#0,"""「アールチェに話しかける」"""
00001202#0,"""「マグにアイテムを与える」"""
00001203#0,"""「祭壇に巣食う闇の眷属」"""
00001204#0,"""「緑色のコンテナを破壊する」"""
00001205#0,"""「ゴロンゾラン撃破」"""
00001206#0,"""「探索許可申請試練・Ⅰ」"""
00001207#0,"""「フォードラン撃破」"""
00001208#0,"""「ディーニアン撃破」"""
00001209#0,"""「フォードランサ撃破」"""
00001210#0,"""「クォーツ・ドラゴン撃破」"""
00001211#0,"""「凶徒と化した祭壇の守り人」"""
00001212#0,"""「赤色のコンテナを破壊する」"""
00001214#0,"""「アンリに話しかける」"""
00001215#0,"""「海原よりの乱入者」"""
00001216#0,"""「武器携帯数拡張申請試練・Ⅰ」"""
00001217#0,"""「ディッグ撃破」"""
00001218#0,"""「サディニアン撃破」"""
00001219#0,"""「ディガーラ撃破」"""
00001220#0,"""「ヴォル・ドラゴン撃破」"""
00001221#0,"""「ストーリークエスト1章「目覚めの時」クリア」"""
00001222#0,"""「龍の祭壇と黒の民」"""
00001223#0,"""「リングを強化する」"""
00001224#0,"""「そして異変の終結へ――？」"""
00001225#0,"""「ドラゴン・エクス撃破」"""
00001226#0,"""「森の奥に潜む異変」"""
00001227#0,"""「ビクダ・ラビッタ撃破」"""
00001228#0,"""「遺址を彷徨う亡霊騎士」"""
00001229#0,"""「グアル・ジグモルデ撃破」"""
00001230#0,"""「凶変する原生」"""
00001231#0,"""「ファルス・ヒューナル撃破」"""
00001232#0,"""「ストーリークエスト2章「幻創の現実」クリア」"""
00001233#0,"""「マグにアイテムを与える」"""
00001234#0,"""「難易度制限解放試練・Ⅰ」"""
00001235#0,"""「ゼータ・グランゾ撃破」"""
00001236#0,"""「探索許可申請試練・Ⅱ」"""
00001237#0,"""「ガロンゴ撃破」"""
00001239#0,"""「フォードラン撃破」"""
00001240#0,"""「新世武器の強化を成功させる」"""
00001241#0,"""「ディアボイグリシス撃破」"""
00001242#0,"""「シロナに話しかける」"""
00001243#0,"""「任意のプレイヤーにグッジョブを送信する」"""
00001244#0,"""「ストーリーボードイベントピース【042-E】「アイカの目的」を閲覧」"""
00001245#0,"""「ファルス・アンゲル撃破」"""
00001246#0,"""「混沌を招く巨大な翼」"""
00001247#0,"""「グランディルガ撃破」"""
00001248#0,"""「レベル制限解除試練・Ⅰ」"""
00001249#0,"""「ガンカイザー撃破」"""
00001250#0,"""「森閑を乱す侵入者」"""
00001251#0,"""「探索許可申請試練・Ⅲ」"""
00001252#0,"""「アークマスロットをプレイする」"""
00001253#0,"""「ガル・グリフォン撃破」"""
00001254#0,"""「クローム・ドラゴン撃破」"""
00001255#0,"""「難易度制限解放試練・Ⅱ」"""
00001256#0,"""「一意専心の力試し・Ⅰ」"""
00001257#0,"""「ヴィド・ギロス撃破」"""
00001258#0,"""「ストーリークエスト3章「幻創の暴走」クリア」"""
00001259#0,"""「ブルメガーラ撃破」"""
00001260#0,"""「極限訓練で力試し・Ⅰ」"""
00001261#0,"""「サポートパートナー講習」"""
00001262#0,"""「ゼッシュレイダ撃破」"""
00001264#0,"""「デコル・マリューダ撃破」"""
00001265#0,"""「FUNスクラッチを引く」"""
00001266#0,"""「ブラックニャックをプレイする」"""
00001267#0,"""「バノリディアン撃破」"""
00001268#0,"""「アークス連破能力調査」"""
00001269#0,"""「リューダソーサラー撃破」"""
00001270#0,"""「赤色のコンテナを破壊する」"""
00001271#0,"""「レベル制限解除試練・Ⅱ」"""
00001272#0,"""「ダーク・ビブラス撃破」"""
00001273#0,"""「セヴァニアン撃破」"""
00001274#0,"""「PSEバーストを発生させる」"""
00001275#0,"""「ストーリークエスト3章「日常への帰還」クリア」"""
00001276#0,"""「イザオガル撃破」"""
00001277#0,"""「シロナに話しかける」"""
00001278#0,"""「緑色のコンテナを破壊する」"""
00001279#0,"""「ストーリークエスト1章「目覚めの時」クリア」"""
00001280#0,"""「幻視の巫女と調査」"""
00001281#0,"""「ゴルドラーダ撃破」"""
00001282#0,"""「イタギザクリ撃破」"""
00001283#0,"""「ボンタ・バクタ撃破」"""
00001284#0,"""「アリエルに話しかける」"""
00001285#0,"""「新世武器を強化する」"""
00001286#0,"""「マーダ・トカッタ撃破」"""
00001287#0,"""「マグにアイテムを与える」"""
00001289#0,"""「プリンに話しかける」"""
00001290#0,"""「ボンタ・ベアッダ撃破」"""
00001291#0,"""「アヌシザグリ撃破」"""
00001292#0,"""「英雄と幻視の巫女」"""
00001293#0,"""「プレディカーダ撃破」"""
00001294#0,"""「ヤーキスに話しかける」"""
00001295#0,"""「ミミに話しかける」"""
00001296#0,"""「グアル・ジグモルデ撃破」"""
00001297#0,"""「パジギッリ撃破」"""
00001298#0,"""「コドニアガリ撃破」"""
00001299#0,"""「オロタ・ビケッタ撃破」"""
00001300#0,"""「ガンナガム撃破」"""
00001301#0,"""「ダーク・ラグネ撃破」"""
00001302#0,"""「ゼッシュレイダ撃破」"""
00001303#0,"""「天馬行空の力試し・Ⅰ」"""
00001304#0,"""「ガル・グリフォン撃破」"""
00001305#0,"""「ボル・オガキバル撃破」"""
00001306#0,"""「ベガス・イリュージア撃破」"""
00001307#0,"""「バン・オガキバル撃破」"""
00001308#0,"""「チェーンソーピエロ撃破」"""
00001309#0,"""「ビクダ・ラビッタ撃破」"""
00001310#0,"""「ファルス・ヒューナル撃破」"""
00001311#0,"""「任意のドリンクを飲む」"""
00001312#0,"""「リングを強化する」"""
00001314#0,"""「デュラハンライダー撃破」"""
00001315#0,"""「不夜城を彷徨う幻創種」"""
00001316#0,"""「幻創浮遊要塞を破壊せよ！」"""
00001317#0,"""「オロオガル撃破」"""
00001318#0,"""「アークマスロットをプレイする」"""
00001319#0,"""「縦横無尽のラスベガス探索」"""
00001320#0,"""「グワナーダ撃破」"""
00001321#0,"""「トラックマフラーの調達」"""
00001322#0,"""「コドッタ・イーデッタ撃破」"""
00001323#0,"""「赤色のコンテナを破壊する」"""
00001324#0,"""「ギグル・グンネガム撃破」"""
00001325#0,"""「ニャウなる希少種」"""
00001326#0,"""「リューダソーサラー撃破」"""
00001327#0,"""「コドッタ・イーデッタ撃破」"""
00001328#0,"""「自由探索許可申請・凍土」"""
00001329#0,"""「FUNスクラッチを引く」"""
00001330#0,"""「グル・ソルダ撃破」"""
00001331#0,"""「ガノンバルガー撃破」"""
00001332#0,"""「シグノガン撃破」"""
00001333#0,"""「ピッタ・ワッダ撃破」"""
00001334#0,"""「カストキンディッド撃破」"""
00001335#0,"""「カストガーディナン撃破」"""
00001336#0,"""「ボンタ・ベアッダ撃破」"""
00001337#0,"""「シロナに話しかける」"""
00001339#0,"""「緑色のコンテナを破壊する」"""
00001340#0,"""「ヤクトバルガー撃破」"""
00001341#0,"""「プリンに話しかける」"""
00001342#0,"""「ストーリークエスト1章「目覚めの時」クリア」"""
00001343#0,"""「任意のプレイヤーにグッジョブを送信する」"""
00001344#0,"""「スパルガン撃破」"""
00001345#0,"""「アールチェに話しかける」"""
00001346#0,"""「ランズ・ヴァレーダ撃破」"""
00001347#0,"""「自由探索許可申請・火山洞窟」"""
00001348#0,"""「クロトに話しかける」"""
00001349#0,"""「ゼータ・グランゾ撃破」"""
00001350#0,"""「ドゥエ・ソルダ撃破」"""
00001351#0,"""「走破演習：東京」"""
00001352#0,"""「トランマイザー撃破」"""
00001353#0,"""「赤色のコンテナを破壊する」"""
00001354#0,"""「ゴロンゾラン撃破」"""
00001355#0,"""「Ｔ・レックス撃破」"""
00001356#0,"""「ビッグヴァーダー撃破」"""
00001357#0,"""「デコル・マリューダ撃破」"""
00001358#0,"""「ソルダ・カピタ撃破」"""
00001359#0,"""「ファングバンサー撃破」"""
00001360#0,"""「トレイン・ギドラン撃破」"""
00001361#0,"""「ロードローラー撃破」"""
00001362#0,"""「PSEバーストを発生させる」"""
00001364#0,"""「釣りをする」"""
00001365#0,"""「ギルナス撃破」"""
00001366#0,"""「ブリュー・リンガーダ撃破」"""
00001367#0,"""「ラッピーなる希少種」"""
00001368#0,"""「任意のおすすめクエストをクリアしスペシャルギフトを入手する」"""
00001369#0,"""「ゼッシュレイダ撃破」"""
00001370#0,"""「メセタンシューターでキングメセタンを撃破する」"""
00001371#0,"""「スネークヘリ撃破」"""
00001372#0,"""「ファルケ・レオーネ撃破」"""
00001373#0,"""「採取をする」"""
00001374#0,"""「ディーオ・ヒューナル撃破」"""
00001375#0,"""「１５式戦車撃破」"""
00001376#0,"""「ブラックニャックをプレイする」"""
00001377#0,"""「ブリュンダール撃破」"""
00001378#0,"""「戦い方を見せてほしい」"""
00001379#0,"""「ディーオ・ヒューナル撃破」"""
00001380#0,"""「パラタ・ピコーダ撃破」"""
00001381#0,"""「マーダ・トカッタ撃破」"""
00001382#0,"""「アールチェに話しかける」"""
00001383#0,"""「新世武器を強化する」"""
00001384#0,"""「ジェネに話しかける」"""
00001385#0,"""「ティラルーダ撃破」"""
00001386#0,"""「病室に飾る花を探して」"""
00001387#0,"""「マルモス撃破」"""
00001389#0,"""「マグにアイテムを与える」"""
00001390#0,"""「プリンに話しかける」"""
00001391#0,"""「クロトに話しかける」"""
00001392#0,"""「ノエミに話しかける」"""
00001393#0,"""「赤色のコンテナを破壊する」"""
00001394#0,"""「任意のドリンクを飲む」"""
00001395#0,"""「ディカーダ撃破」"""
00001396#0,"""「アイーダに話しかける」"""
00001397#0,"""「ストーリークエスト2章「幻創の現実」クリア」"""
00001398#0,"""「付き合ってくれないかしら？」"""
00001399#0,"""「シュトゥラーダ撃破」"""
00001400#0,"""「キングイエーデ撃破」"""
00001401#0,"""「ガルフルの肉の調達」"""
00001402#0,"""「ストーリークエスト6章「想いのかたち」クリア」"""
00001403#0,"""「オロタ・ビケッタ撃破」"""
00001404#0,"""「ファナティック・キリング・Ⅱ」"""
00001405#0,"""「アンタへの頼みごと」"""
00001406#0,"""「ファングバンシー撃破」"""
00001407#0,"""「ラッピーなる希少種」"""
00001408#0,"""「ファンガルフル撃破」"""
00001409#0,"""「ディアボイグリシス撃破」"""
00001410#0,"""「グアル・ジグモルデの部位破壊を！」"""
00001411#0,"""「デモリション・アンビション・Ⅱ」"""
00001412#0,"""「アークマスロットをプレイする」"""
00001414#0,"""「子供の幸せ、自分の幸せ！」"""
00001415#0,"""「ランズ・ヴァレーダ撃破」"""
00001416#0,"""「凍土の新たな試練」"""
00001417#0,"""「ガル・グリフォン撃破」"""
00001418#0,"""「プレディカーダ撃破」"""
00001419#0,"""「１５式戦車撃破」"""
00001420#0,"""「ゼータ・グランゾ撃破」"""
00001421#0,"""「リューダソーサラー撃破」"""
00001422#0,"""「強力な侵食核！？」"""
00001423#0,"""「スキルリングを強化する」"""
00001424#0,"""「クォーツ・ドラゴン撃破」"""
00001425#0,"""「巨大な玩具の破片の調達」"""
00001426#0,"""「アザナミに話しかける」"""
00001427#0,"""「ＲＩＮＡに話しかける」"""
00001428#0,"""「ソフィアに話しかける」"""
00001429#0,"""「プリンに話しかける」"""
00001430#0,"""「モニカに話しかける」"""
00001431#0,"""「ウィティアに話しかける」"""
00001432#0,"""「パティに話しかける」"""
00001433#0,"""「ティアに話しかける」"""
00001434#0,"""「クレシダに話しかける」"""
00001435#0,"""「カトリに話しかける」"""
00001436#0,"""「ナノンに話しかける」"""
00001437#0,"""「シロナに話しかける」"""
00001439#0,"""「シエラに話しかける」"""
00001440#0,"""「ロッティに話しかける」"""
00001441#0,"""「マールーに話しかける」"""
00001442#0,"""「ユクリータに話しかける」"""
00001443#0,"""「リサに話しかける」"""
00001444#0,"""「リリカに話しかける」"""
00001445#0,"""「ナリスに話しかける」"""
00001446#0,"""「リーベルに話しかける」"""
00001447#0,"""「フーリエに話しかける」"""
00001448#0,"""「アリスに話しかける」"""
00001449#0,"""「ミミに話しかける」"""
00001450#0,"""「シルバに話しかける」"""
00001451#0,"""「サイクロネーダ・ユガ撃破」"""
00001452#0,"""「ユーガディカーダ撃破」"""
00001453#0,"""「任意のおすすめクエストをクリアしスペシャルギフトを入手する」"""
00001454#0,"""「新世武器を強化する」"""
00001455#0,"""「デファンザウル撃破」"""
00001456#0,"""「ドラゴ・デッドリオン撃破」"""
00001457#0,"""「キャタドラン撃破」"""
00001458#0,"""「バレンタインイベントの前に」"""
00001459#0,"""「ユグダソーサラー撃破」"""
00001460#0,"""「ゴロンゾラン撃破」"""
00001461#0,"""「ラッピースロットをプレイする」"""
00001462#0,"""「シュバリザン撃破」"""
00001464#0,"""「ラスベガス・ロワイヤル」"""
00001465#0,"""「任意のプレイヤーにグッジョブを送信する」"""
00001466#0,"""「ウォルガーダ撃破」"""
00001467#0,"""「他ならぬＲＩＮＡさんのために」"""
00001468#0,"""「FUNスクラッチを引く」"""
00001469#0,"""「リングを強化する」"""
00001470#0,"""「紅き甲殻をまとう希少種」"""
00001471#0,"""「ソルザ・ブラーダ撃破」"""
00001472#0,"""「ガウォンダ・ユガ撃破」"""
00001473#0,"""「ストーリークエスト7章「母なる願い」クリア」"""
00001474#0,"""「ボクス・ドゥバルス撃破」"""
00001475#0,"""「アン・ラッキー・ユー」"""
00001476#0,"""「ジャンに話しかける」"""
00001477#0,"""「イツキに話しかける」"""
00001478#0,"""「ビアに話しかける」"""
00001479#0,"""「アンリに話しかける」"""
00001480#0,"""「ドゥドゥに話しかける」"""
00001481#0,"""「†コア†に話しかける」"""
00001482#0,"""「ヤーキスに話しかける」"""
00001483#0,"""「アルトに話しかける」"""
00001484#0,"""「ハンスに話しかける」"""
00001485#0,"""「サガに話しかける」"""
00001486#0,"""「アンテに話しかける」"""
00001487#0,"""「クロトに話しかける」"""
00001489#0,"""「レダに話しかける」"""
00001490#0,"""「ルベルトに話しかける」"""
00001491#0,"""「オーザに話しかける」"""
00001492#0,"""「エメラインに話しかける」"""
00001493#0,"""「キュレイオンに話しかける」"""
00001494#0,"""「ムータンに話しかける」"""
00001495#0,"""「ムサシに話しかける」"""
00001496#0,"""「ピッカに話しかける」"""
00001497#0,"""「ジョーゼフに話しかける」"""
00001498#0,"""「カメオに話しかける」"""
00001499#0,"""「ピエトロに話しかける」"""
00001500#0,"""「キーファスに話しかける」"""
00001501#0,"""「釣りをする」"""
00001502#0,"""「デコル・マリューダ撃破」"""
00001503#0,"""「ブラックニャックをプレイする」"""
00001504#0,"""「浮遊大陸のブーストエネミー・Ⅰ」"""
00001505#0,"""「襲い来る悪意」"""
00001506#0,"""「クォーツ・ドラゴン撃破」"""
00001507#0,"""「アンタへの頼みごと・Ⅲ」"""
00001508#0,"""「デモリション・アンビション・Ⅴ」"""
00001509#0,"""「ビクダ・ラビッタ撃破」"""
00001510#0,"""「ゼッシュレイダ撃破」"""
00001511#0,"""「緑色のコンテナを破壊する」"""
00001512#0,"""「ニャウなる希少種」"""
00001514#0,"""「ストーリークエスト8章「壊れた進化」クリア」"""
00001515#0,"""「お返し、どうしよう？」"""
00001516#0,"""「ゾ・シュバルザス撃破」"""
00001517#0,"""「ソル・ディランダール撃破」"""
00001518#0,"""「ダガッチャ撃破」"""
00001519#0,"""「ウィンディラの翼角の調達」"""
00001520#0,"""「ディーオ・ヒューナル撃破」"""
00001521#0,"""「お返しに渡すものって？」"""
00001522#0,"""「グリュゾラス・ドラゴ撃破」"""
00001523#0,"""「ヴァルガーラ撃破」"""
00001524#0,"""「ドラゴン・エクス撃破」"""
00001525#0,"""「地より出ずる龍」"""
00001526#0,"""「フリードリンクスタンドにアクセスする」"""
00001527#0,"""「ラッピースロットでラッピーＰＳＥバーストを発生させる」"""
00001528#0,"""「ACショップの商品リストを確認する」"""
00001529#0,"""「アークマスロットをプレイする」"""
00001530#0,"""「フロスティに話しかける」"""
00001531#0,"""「チップに話しかける」"""
00001532#0,"""「ナノンに話しかける」"""
00001533#0,"""「釣りをする」"""
00001534#0,"""「ストーリーボードイベントピース【042-E】「アイカの目的」を閲覧」"""
00001535#0,"""「メセタンシューターでキングメセタンを撃破する」"""
00001536#0,"""「採取をする」"""
00001537#0,"""「ジグに話しかける」"""
00001539#0,"""「リリーパ族の落書きにアクセスする」"""
00001540#0,"""「任意のおすすめクエストをクリアしスペシャルギフトを入手する」"""
00001541#0,"""「ストーリークエスト3章「日常への帰還」クリア」"""
00001542#0,"""「FUNスクラッチを引く」"""
00001543#0,"""「メセタンシューターをプレイする」"""
00001544#0,"""「アールチェに話しかける」"""
00001545#0,"""「ラッピースロットをプレイする」"""
00001546#0,"""「コインエクスチェンジャーでカジノコインを獲得する」"""
00001547#0,"""「アイーダに話しかける」"""
00001548#0,"""「シロナに話しかける」"""
00001549#0,"""「新世武器を強化する」"""
00001550#0,"""「ララフに話しかける」"""
00001551#0,"""「デュラハンライダー撃破」"""
00001552#0,"""「嵐と雷の神々」"""
00001553#0,"""「任意のドリンクを飲む」"""
00001554#0,"""「ゼータ・グランゾ撃破」"""
00001555#0,"""「ガンカイザー撃破」"""
00001556#0,"""「風雷を喚びし凶鳥」"""
00001557#0,"""「ヤクトディンゲール撃破」"""
00001558#0,"""「堅き鎧の侵略者」"""
00001559#0,"""「アンジャドゥリリ撃破」"""
00001560#0,"""「ダーク・ビブラス・ユガ撃破」"""
00001561#0,"""「調査のための掃討作戦」"""
00001562#0,"""「マグにアイテムを与える」"""
00001564#0,"""「コフィーに話しかける」"""
00001565#0,"""「大規模エネミー調査」"""
00001566#0,"""「エスカ・ラグナス撃破」"""
00001567#0,"""「カイズフォエーゴ撃破」"""
00001568#0,"""「不自然なダーカー発生？」"""
00001569#0,"""「ランカ・ヴァレース撃破」"""
00001570#0,"""「デコル・マリューダ撃破」"""
00001571#0,"""「参道に立ち塞がりし悪鬼」"""
00001572#0,"""「クローム・ドラゴン撃破」"""
00001573#0,"""「プリンに話しかける」"""
00001574#0,"""「暴虐のリリーパ族？」"""
00001575#0,"""「A.I.Sエクソーダ撃破」"""
00001576#0,"""「新人アークス」"""
00001577#0,"""「コーデカタログで「いいね！」を送信する」"""
00001578#0,"""「ダガッチャ撃破」"""
00001579#0,"""「ピエトロに話しかける」"""
00001580#0,"""「メセタンシューターをプレイする」"""
00001581#0,"""「コドッタ・イーデッタ撃破」"""
00001582#0,"""「デコル・マリューダ撃破」"""
00001583#0,"""「ランカ・ヴァレース撃破」"""
00001584#0,"""「デ・マルモス撃破」"""
00001585#0,"""「ストーリークエスト4章「地球の導き手」クリア」"""
00001586#0,"""「プリンに話しかける」"""
00001587#0,"""「ガロンゴ撃破」"""
00001589#0,"""「ノエミに話しかける」"""
00001590#0,"""「コーデカタログでみんなのコーデを見る」"""
00001591#0,"""「グワナーダ撃破」"""
00001592#0,"""「ブラックニャックをプレイする」"""
00001593#0,"""「ヴィドルーダ撃破」"""
00001594#0,"""「ロックベア撃破」"""
00001595#0,"""「ダーク・ラグネ撃破」"""
00001596#0,"""「マルモス撃破」"""
00001597#0,"""「ディアボイグリシス撃破」"""
00001598#0,"""「モデルへの憧れ」"""
00001599#0,"""「パラス・ピコス撃破」"""
00001600#0,"""「キングイエーデ撃破」"""
00001601#0,"""「ブリュー・リンガーダ撃破」"""
00001602#0,"""「ブラッディ・スカフォード・Ⅲ」"""
00001603#0,"""「ガッチャス撃破」"""
00001604#0,"""「森林のブーストエネミー・Ⅱ」"""
00001605#0,"""「へっぽこぴーの小石拾い」"""
00001606#0,"""「ベガス・イリュージア撃破」"""
00001607#0,"""「デコル・マリューズ撃破」"""
00001608#0,"""「グウォンダ撃破」"""
00001609#0,"""「プロジオーグルス撃破」"""
00001610#0,"""「１５式戦車撃破」"""
00001611#0,"""「ストーリークエスト8章「世界終焉の具現」クリア」"""
00001612#0,"""「プラチドーラス撃破」"""
00001614#0,"""「アークマスロットをプレイする」"""
00001615#0,"""「エンペ・ラッピー撃破」"""
00001616#0,"""「森林の新たな試練」"""
00001617#0,"""「ファングバンサーの皮の調達」"""
00001618#0,"""「ヴィドルース撃破」"""
00001619#0,"""「ベーアリブルス撃破」"""
00001620#0,"""「エスカ・ラグナス撃破」"""
00001621#0,"""「ラッピーなる希少種」"""
00001622#0,"""「ガル・グリフォン撃破」"""
00001623#0,"""「力戦奮闘の力試し・Ⅰ」"""
00001624#0,"""「新世を成す幻創の造神」"""
00001625#0,"""「新世強化の標となる者」"""
